question_id,text,class,score,scoring_vectors,justification_cues,justification_cue_spans,y_pred
8,Das alles gut zu erkennen ist,INCORRECT,0.0,"[0.4815441966056824, 0.4426983594894409]","[(0, 0), (0, 7)]","[['', 'Das alles gut zu erkennen ist']]",INCORRECT
8,"Vermittelte dir der Außenbereich mit den dortigen Einrichtungen (z.B. Luftprüfer, Staubsauger) insgesamt den Eindruck, dass alles gepflegt und sicher war? (5 = ""Stimme voll und ganz zu"", 1 = “Stimme überhaupt nicht zu”), Waren bei deinem Stationsbesuch Handschuhe oder Papierhandtücher (an der Zapfsäule) oder Handdesinfektionsmittel (am Shopeingang) verfügbar, sodass du deine Hände sauber halten konntest? Bist du mit der Warenpräsentation des Shops innen und außen zufrieden? (z.B.Sauberkeit, Ordnung, Preisauszeichnung an allen Produkten, keine Lücken in den Regalen) (5 = Stimme voll und ganz zu, 1 = “Stimme überhaupt nicht zu”) Würdest du diese Shell Tankstelle weiterempfehlen? (10 = “Äußerst wahrscheinlich” und 1 = “Sehr unwahrscheinlich”)? Wie warst du mit der Dauer deines Besuchs und der Benutzerfreundlichkeit der Tankstelle zufrieden? (5 = “Sehr zufrieden” und 1 = “Sehr unzufrieden”)?",CORRECT,1.0,"[0.6058450937271118, 0.5052050948143005]","[(135, 143), (67, 101)]","[['(z.B.Sauberkeit', 'Waren bei deinem Stationsbesuch Handschuhe oder Papierhandtücher (an der Zapfsäule) oder Handdesinfektionsmittel (am Shopeingang) verfügbar']]",INCORRECT
8,"Arbeitskleidung zulässig? Wurdest du von allen Mitarbeitern, die dich im Shop bedienten, begrüßt und verabschiedet? Es zählen auch non-verbale Gesten, wie z.B. winken oder nicken. Haben sich die Mitarbeiter im Shop, die dich bedienten, um eine persönlichere Begrüßung oder Verabschiedung bemüht (z.B. Blickkontakt, Lächeln)? Wie zufrieden warst du mit der Freundlichkeit und Gastfreundschaft der Mitarbeiter des Shops, die dich bedienten? (5 = sehr zufrieden bis 1 = sehr unzufrieden) Wie zufrieden warst du mit der Bedienung durch die Mitarbeiter? (5 = “Sehr zufrieden” und 1 = “Sehr unzufrieden”)? Wurdest du nach einer Shell ClubSmart Karte oder der Shell App gefragt? Wurde dir von einem Mitarbeiter ein zusätzliches Angebot unterbreitet? Wurdest du schnell bedient oder hat man sich zumindest bei dir dafür entschuldigt, dass du an der Kasse warten musstest? Wurdest du an der Station mündlich oder visuell auf die Möglichkeit hingewiesen, ein Kunden-Feedback zu übermitteln? Dies kann z.B. durch ein Schild, einen Aufkleber oder auf dem Kassenbon erfolgen",INCORRECT,0.0,"[0.45538631081581116, 0.3364085853099823]","[(20, 28), (20, 28)]","[['begrüßt und verabschiedet', 'begrüßt und verabschiedet']]",INCORRECT
8,Ob die Regale gut gefüllt sind und das warenangebot gut sortiert ist. Dann ob der Shop sauber ist und die Gänge nicht zugestellt sind. Werde ich schnell bedient oder sind die wartezeiten zu lang?,CORRECT,1.0,"[0.4733896851539612, 0.5204591751098633]","[(0, 34), (0, 33)]","[['Ob die Regale gut gefüllt sind und das warenangebot gut sortiert ist. Dann ob der Shop sauber ist und die Gänge nicht zugestellt sind', 'Ob die Regale gut gefüllt sind und das warenangebot gut sortiert ist. Dann ob der Shop sauber ist und die Gänge nicht zugestellt']]",INCORRECT
8,"Gepflegter Außenbereich mit den dortigen Einrichtungen, Vorhandensein von Handschuhen, Papierhandtüchern oder Desinfektionsmittel sowie Warenpräsentation",INCORRECT,0.0,"[0.5361846089363098, 0.5986636281013489]","[(0, 20), (0, 37)]","[['Gepflegter Außenbereich mit den dortigen Einrichtungen, Vorhandensein von Handschuhen', 'Gepflegter Außenbereich mit den dortigen Einrichtungen, Vorhandensein von Handschuhen, Papierhandtüchern oder Desinfektionsmittel sowie Warenpräsentation']]",INCORRECT
8,"Ich soll auf die Warenpräsentation achten, im Hinblick auf Sauberkeit, Ordnung, Preisauszeichnung aller Produkte und Lücken in den Waren Regalen.",CORRECT,1.0,"[0.7207949161529541, 0.47442224621772766]","[(10, 17), (4, 9)]","[['im Hinblick auf Sauberkeit', 'Warenpräsentation achten']]",PARTIAL_CORRECT
8,ALLES! & 42 ........,INCORRECT,0.0,"[0.5940234065055847, 0.4824368953704834]","[(0, 2), (0, 0)]","[['ALLES', '']]",INCORRECT
8,"Das Verhalten der Mitarbeiter, deren Arbeitskleidung und der Zustand des Sanitärbereiches",INCORRECT,0.0,"[0.5523211359977722, 0.538494884967804]","[(0, 2), (0, 2)]","[['Das Verhalten', 'Das Verhalten']]",INCORRECT
8,"auseneindruck, aufgeräumtheit, vorhanden von desinfektionsmittel, handschuhe, papier handtücher usw, warenpräsentation",CORRECT,1.0,"[0.541095495223999, 0.4095250964164734]","[(18, 12), (0, 4)]","[['', 'auseneindruck']]",INCORRECT
8,"Ich soll im Außenbereich darauf achten, ob alles gepflegt aussieht und sicher ist. Außerdem soll ich darauf achten, ob Handschuhe, Papierhandtücher und ein Desinfektionsmittelspender vorhanden sind und die Warenpräsentation (zum Beispiel Ordnung, Sauberkeit und Preisauszeichnung) im Shop bewerten. Zusätzlich soll ich darauf achten, ob es Hinweise darauf gibt, dass ich ein Kundenfeedback geben kann und ob alle Mitarbeiter die richtige Kleidung tragen.",CORRECT,1.0,"[0.7213704586029053, 0.48904284834861755]","[(58, 65), (31, 70)]","[['Sauberkeit und Preisauszeichnung', 'Handschuhe, Papierhandtücher und ein Desinfektionsmittelspender vorhanden sind und die Warenpräsentation (zum Beispiel Ordnung, Sauberkeit und Preisauszeichnung) im Shop bewerten']]",PARTIAL_CORRECT
8,"Das Erscheinungsbild soll Sauber, geplegt  und ordentlich sein. Man soll einen guten Überblick über das Warenangebot haben. Das an allen Produkten Preise angebracht sind.",CORRECT,1.0,"[0.5453557372093201, 0.5742006897926331]","[(0, 8), (0, 29)]","[['Das Erscheinungsbild soll Sauber', 'Das Erscheinungsbild soll Sauber, geplegt und ordentlich sein. Man soll einen guten Überblick über das Warenangebot']]",INCORRECT
8,"Waren Präsentation innerhalb und außerhalb des Shops (Sauberkeit, Ordnung, Preisauszeichnungen vorhanden, keine lücken in den Regalen, Handdesinfektion am Eingang vorhanden und nutzbar)",CORRECT,1.0,"[0.9999998807907104, 0.5180843472480774]","[(14, 17), (0, 1)]","[['Sauberkeit', 'Waren']]",PARTIAL_CORRECT
8,Die richtige Kleidung der Mitarbeiter und die Ordnung im Shop,PARTIAL_CORRECT,0.5,"[0.4663892984390259, 0.6226073503494263]","[(0, 13), (0, 13)]","[['Die richtige Kleidung der Mitarbeiter und die Ordnung im Shop', 'Die richtige Kleidung der Mitarbeiter und die Ordnung im Shop']]",INCORRECT
8,"Arbeitskleidung getragen, freeundlichkeit, schnelligkeit",INCORRECT,0.0,"[0.4572235643863678, 0.6673698425292969]","[(0, 4), (0, 4)]","[['Arbeitskleidung getragen', 'Arbeitskleidung getragen']]",INCORRECT
8,"Warenpräsentation, innen und außen. Ist alles sauber, ordentlich und gepflegt. Sind alle Informationen sichtbar.",CORRECT,1.0,"[0.6658197045326233, 0.564389705657959]","[(0, 14), (0, 3)]","[['Warenpräsentation, innen und außen. Ist alles sauber', 'Warenpräsentation']]",INCORRECT
8,"Shop selbst, Sanitäranlagen, Freundlichkeit",PARTIAL_CORRECT,0.75,"[0.6227104663848877, 0.524048924446106]","[(0, 6), (0, 9)]","[['Shop selbst, Sanitäranlagen', 'Shop selbst, Sanitäranlagen, Freundlichkeit']]",INCORRECT
8,Ob dieser gepflegt und sauber isr,CORRECT,1.0,"[0.5111759305000305, 0.400016725063324]","[(0, 9), (0, 11)]","[['Ob dieser gepflegt und sauber', 'Ob dieser gepflegt und sauber isr']]",INCORRECT
8,"Ich bewerte Sauberkeit, Ordnung, Preisauszeichnung an allen Produkten. Außerdem prüfe ich, dass keine Lücken in den Regalen vorhanden sind.",CORRECT,1.0,"[0.9999998807907104, 0.4509478807449341]","[(0, 6), (3, 6)]","[['Ich bewerte Sauberkeit', 'Sauberkeit']]",PARTIAL_CORRECT
8,- Überblick über die Sauberkeit und Zustand der Sanitäranlagen / Toiletten. - Funktionsfähigkeit aller Anlagen  - Sauberkeit der Sanitäreinrichtungen - ausreichend Verbrauchsmaterial - Arbeitskleidung und gut sichtbares Namensschild der Mitarbeiter -Begrüßung der Mitarbeiter - Zufriedenheit über Freundlichkeit und Gastfreundschaft der Mitarbeiter des Shops - Zufriedenheit über Bedienung durch die Mitarbeiter - Hinweis auf Möglichkeit des Kunden-Feedbacks - gepflegter Außenbereich? - Ausreichend Handschuhe oder Papierhandtücher oder Handdesinfektionsmittel verfügbar? - Warenpräsentation des Shops innen und außen?,CORRECT,1.0,"[0.9999998807907104, 0.49909332394599915]","[(31, 34), (31, 39)]","[['Sauberkeit', 'Sauberkeit der Sanitäreinrichtungen ']]",PARTIAL_CORRECT
8,"Ob der Verkäufer freundlich ist (Gestik/minik), ob er die Arbeitskleidung trägt, Namensschild etc",INCORRECT,0.0,"[0, 0]","[(23, 13), (23, 15)]","[['', '']]",INCORRECT
8,"Er wirkt gepflegt/sauber/ordentlich, weist keine Bestückungslücken auf, es sind alle Artikel ausgepreist und Möglichkeiten zur Desinfektion/Hygiene vor dem/beim Betreten vorgehalten.",CORRECT,1.0,"[0.4862915575504303, 0.527767539024353]","[(0, 10), (44, 36)]","[['Er wirkt gepflegt/sauber', '']]",INCORRECT
8,"Auf die Möglichkeit, ein Kunden-Feedback zu hinterlassen, und auf die Warenpräsentation des Shops, Sauberkeit, Ordnung, Preisauszeichnung an allen Produkten und Lücken in den Regalen.",CORRECT,1.0,"[0.9999998807907104, 0.4789484441280365]","[(23, 26), (13, 22)]","[['Sauberkeit', 'und auf die Warenpräsentation des Shops']]",PARTIAL_CORRECT
8,"allgemeine Sauberkeit, Bestückung mit Waren, Verfügbarkeit Verbrauchsmaterial, Desinfektionsmaterial",CORRECT,1.0,"[0.9999998807907104, 0.5180843472480774]","[(3, 6), (11, 12)]","[['Sauberkeit', 'Waren']]",PARTIAL_CORRECT
8,Das es sauber und ordentlich ist,CORRECT,1.0,"[0.5649629235267639, 0.4513856768608093]","[(0, 4), (0, 8)]","[['Das es sauber', 'Das es sauber und ordentlich ist']]",INCORRECT
8,Auf die Sauberkeit und die Freundlichkeit der Mitarbeiter,PARTIAL_CORRECT,0.5,"[0.6055211424827576, 0.42973530292510986]","[(0, 11), (0, 9)]","[['Auf die Sauberkeit und die Freundlichkeit der Mitarbeiter', 'Auf die Sauberkeit und die Freundlichkeit']]",INCORRECT
8,Siehe Jobbeschreibung,INCORRECT,0.0,"[0.49123620986938477, 0.43902769684791565]","[(0, 4), (0, 4)]","[['Siehe Jobbeschreibung', 'Siehe Jobbeschreibung']]",INCORRECT
8,Sind alle Preisschilder angebracjt? Gibt es Lücken im Regal? Ist die Fläche Sauber und die Produkte in Ordnung? Ist das Personal freundlich?,CORRECT,1.0,"[0.5810896754264832, 0.4970090091228485]","[(18, 23), (0, 9)]","[['Ist die Fläche Sauber', 'Sind alle Preisschilder angebracjt']]",INCORRECT
8,Normaler Kunde aussehen und verhalten,INCORRECT,0.0,"[0.5561110973358154, 0.58619624376297]","[(0, 3), (0, 8)]","[['Normaler Kunde', 'Normaler Kunde aussehen und verhalten']]",INCORRECT
8,Sauberkeit des Shops. Wie gefüllt sind die Regale. Welche Produkte sind vorhanden. Wie ordentlich ist es dort. Wie strukturiert ist es dort.,CORRECT,1.0,"[0.7375674247741699, 0.5338026881217957]","[(0, 6), (0, 38)]","[['Sauberkeit des Shops', 'Sauberkeit des Shops. Wie gefüllt sind die Regale. Welche Produkte sind vorhanden. Wie ordentlich ist es dort. Wie strukturiert ist es dort']]",PARTIAL_CORRECT
8,"Warenpräsentation, ordnung, Arbeitskleidung",PARTIAL_CORRECT,0.5,"[0.6658197045326233, 0.5479618906974792]","[(0, 3), (0, 3)]","[['Warenpräsentation', 'Warenpräsentation']]",INCORRECT
8,"Wird Kundenfeedback angeboten, Sortimentauswahl, Sauberkeit",CORRECT,1.0,"[0.9999998807907104, 0.4509478807449341]","[(11, 14), (0, 2)]","[['Sauberkeit', 'Wird']]",PARTIAL_CORRECT
8,"Sauberkeit, Ordnung, verfügbarkeit der Produkte, Vielfalt der Produkte",CORRECT,1.0,"[0.9999998807907104, 0.48215484619140625]","[(0, 3), (0, 15)]","[['Sauberkeit', 'Sauberkeit, Ordnung, verfügbarkeit der Produkte, Vielfalt der Produkte']]",PARTIAL_CORRECT
8,Das allgemeine Gesamterscheinungsbild sowie zusätzlich ob z.b. Papiertücher und Handschuhe an den Zapfsäulen vorhanden sind.,INCORRECT,0.0,"[0.47669848799705505, 0.5482240319252014]","[(0, 24), (0, 24)]","[['Das allgemeine Gesamterscheinungsbild sowie zusätzlich ob z.b. Papiertücher und Handschuhe', 'Das allgemeine Gesamterscheinungsbild sowie zusätzlich ob z.b. Papiertücher und Handschuhe']]",INCORRECT
8,ob man gut behandelt wird und ob es ordentlich ist,PARTIAL_CORRECT,0.25,"[0.46521538496017456, 0.4509533643722534]","[(0, 5), (0, 5)]","[['ob man gut behandelt', 'ob man gut behandelt']]",INCORRECT
8,Ordnung und vollständigkeit des Shops und der Tankstelle im allgemeinen. Also auch der Außenbereich. Corona bedingt auch Desinfektionsmöglichkeiten mitbewerten.,CORRECT,1.0,"[0.5829551219940186, 0.4954211711883545]","[(0, 4), (0, 7)]","[['Ordnung und vollständigkeit', 'Ordnung und vollständigkeit des Shops']]",INCORRECT
8,"Auf ausreichend Möglichkeiten zur Handreinigung/ Desinfektion an der Zapfsäule und im Eingangsbereich, darauf, daß bzw. ob alle Auslagen Preise haben, es keine Lücken im Regal gibt und es ordentlich und sauber präsentiert ist.",CORRECT,1.0,"[0, 0]","[(29, 7), (27, 13)]","[['', '']]",INCORRECT
8,"Vermittelte dir der Außenbereich mit den dortigen Einrichtungen (z.B. Luftprüfer, Staubsauger) insgesamt den Eindruck, dass alles gepflegt und sicher war? (5 = ""Stimme voll und ganz zu"", 1 = “Stimme überhaupt nicht zu”)",INCORRECT,0.0,"[0.5389388203620911, 0.619834840297699]","[(56, 62), (56, 62)]","[['1 = “Stimme', '1 = “Stimme']]",INCORRECT
8,"Aufgeräumt, übersichtlich sauber",CORRECT,1.0,"[0.6446260809898376, 0.3982165455818176]","[(0, 9), (0, 4)]","[['Aufgeräumt, übersichtlich sauber', 'Aufgeräumt']]",INCORRECT
8,"Übersicht, Warenverfügbarkeit, Sauberkeit",CORRECT,1.0,"[0.9999998807907104, 0.49527350068092346]","[(8, 11), (3, 7)]","[['Sauberkeit', 'Warenverfügbarkeit']]",PARTIAL_CORRECT
4,"Foto von außen machen, Info beifügen und keine andere Toilette die nicht zur Tankstelle gehört besuchen",CORRECT,1.0,"[0.7501057982444763, 0.48490452766418457]","[(0, 6), (7, 27)]","[['Foto von außen machen', 'Info beifügen und keine andere Toilette die nicht zur Tankstelle gehört besuchen']]",PARTIAL_CORRECT
4,Ich mache ein Foto von außen und schreibe etwas dazu in die Beschreibung,CORRECT,1.0,"[0.7324555516242981, 0.48366254568099976]","[(0, 8), (2, 4)]","[['Ich mache ein Foto von außen', 'ein Foto']]",PARTIAL_CORRECT
4,Ich versuche zu vermitteln das dringend in die Toiletten muss,INCORRECT,0.0,"[0.5168467164039612, 0.45084720849990845]","[(2, 6), (2, 3)]","[['versuche zu vermitteln', 'versuche']]",INCORRECT
4,"Vermerke in der Aufgabe, dass die Toiletten geschlossen sind & mache ein Bild davon",CORRECT,1.0,"[0.6351301074028015, 0.49508121609687805]","[(8, 6), (8, 20)]","[['', 'dass die Toiletten geschlossen sind & mache ein Bild']]",INCORRECT
4,Ich mache Bilder von außen.,PARTIAL_CORRECT,0.5,"[0.5778413414955139, 0.4955991208553314]","[(5, 7), (1, 3)]","[['außen', 'mache Bilder']]",INCORRECT
4,Höflich nachfragen wenn keine Möglichkeit besteht dies angeben,INCORRECT,0.0,"[0.5705152750015259, 0.4545169472694397]","[(0, 3), (0, 6)]","[['Höflich', 'Höflich nachfragen ']]",INCORRECT
4,mache Fotos von aussen und vermerke dies,CORRECT,1.0,"[0.4914557635784149, 0.4788394570350647]","[(1, 2), (0, 2)]","[['Fotos', 'mache Fotos']]",INCORRECT
4,Ich fertige ein Foto der WC Tür an und eines eventuell vorhandenen Hinweisschildes,CORRECT,1.0,"[0.5783026814460754, 0.483051061630249]","[(5, 6), (2, 6)]","[['Foto', 'fertige ein Foto']]",INCORRECT
4,Ich fotografiere die Außentür und vermerke den Fall in der Aufgabe.,CORRECT,1.0,"[0.5462316870689392, 0.5539073944091797]","[(1, 11), (1, 11)]","[['fotografiere die Außentür und vermerke den Fall', 'fotografiere die Außentür und vermerke den Fall']]",INCORRECT
4,Ich frage den Mitarbeiter nach dem Toilettenschlüssel,INCORRECT,0.0,"[0.48826396465301514, 0.4615449607372284]","[(2, 5), (2, 3)]","[['frage den Mitarbeiter', 'frage']]",INCORRECT
4,Ich vermerke es in der App und fotografiere die Toilette von außen.,CORRECT,1.0,"[0.5778413414955139, 0.4783155918121338]","[(15, 17), (0, 3)]","[['außen', 'Ich vermerke']]",INCORRECT
4,Sanitäranlagen von außen fotografieren,CORRECT,1.0,"[0.8569486141204834, 0.48737266659736633]","[(0, 9), (0, 7)]","[['Sanitäranlagen von außen fotografieren', 'Sanitäranlagen von außen']]",PARTIAL_CORRECT
4,Dann lasse ich das aus.,INCORRECT,0.0,"[0, 0]","[(0, 0), (0, 0)]","[['', '']]",INCORRECT
4,"Wenn mir die Mitarbeiter kein Schlüssel dafür geben können oder wollen oder sie Toiletten gesperrt oder nicht benutzbar sind, soll ich sie von von außen fotografieren und vermerken, dass sie nicht zugänglich sind.",CORRECT,1.0,"[0.5778413414955139, 0.491262286901474]","[(36, 38), (1, 23)]","[['außen', 'Wenn mir die Mitarbeiter kein Schlüssel dafür geben können oder wollen oder sie Toiletten gesperrt']]",INCORRECT
4,Ich mache ein Foto der Toilette von außen und Vermerke in Fragebogen dass die Toiletten gesperrt waren.,CORRECT,1.0,"[0.8226169347763062, 0.5582589507102966]","[(0, 11), (9, 18)]","[['Ich mache ein Foto der Toilette von außen', 'außen und Vermerke in Fragebogen ']]",PARTIAL_CORRECT
4,ich fotografiere von außen,CORRECT,1.0,"[0.5778413414955139, 0.35020211338996887]","[(5, 7), (5, 3)]","[['außen', '']]",INCORRECT
4,"Es sollten in diesem Fall Bilder der Toilette von außen gemacht werden und entsprechend vermerkt werden, dass sie geschlossen sind.",CORRECT,1.0,"[0.5778413414955139, 0.35020211338996887]","[(13, 15), (13, 8)]","[['außen', '']]",INCORRECT
4,Ich soll die Bilder der Toilettentür von außen machen.,PARTIAL_CORRECT,0.5,"[0.5778413414955139, 0.35020211338996887]","[(11, 13), (11, 13)]","[['außen', 'außen']]",INCORRECT
4,Fotos von außen machen und im Job vermerken das die Anlagen gesperrt sind. Außer wenn die Anlagen von externen Betrieben wird - dann ist es eh egal.,CORRECT,1.0,"[0.6992142200469971, 0.5356941223144531]","[(0, 19), (20, 32)]","[['Fotos von außen machen und im Job vermerken das die Anlagen gesperrt sind', 'Außer wenn die Anlagen von externen Betrieben']]",INCORRECT
4,von außen fotografieren und vermerken,CORRECT,1.0,"[0.677472710609436, 0.5012161135673523]","[(0, 9), (2, 4)]","[['von außen fotografieren und vermerken', 'außen']]",INCORRECT
4,vom außen fotografieren,CORRECT,1.0,"[0.6914108991622925, 0.4403111934661865]","[(0, 6), (2, 4)]","[['vom außen fotografieren', 'außen']]",INCORRECT
4,per Fotos dokumentieren und schriftlich festhalten,CORRECT,1.0,"[0.47944408655166626, 0.4768580496311188]","[(1, 2), (0, 2)]","[['Fotos', 'per Fotos']]",INCORRECT
4,Dann gehst du in die Tankstelle und fragst ein/e Mitarbeiter/in höflich nach dem Schlüssel der Toilette.,INCORRECT,0.0,"[0.47116807103157043, 0.4930616319179535]","[(0, 22), (0, 22)]","[['Dann gehst du in die Tankstelle und fragst ein/e Mitarbeiter/in höflich nach dem Schlüssel', 'Dann gehst du in die Tankstelle und fragst ein/e Mitarbeiter/in höflich nach dem Schlüssel']]",INCORRECT
4,Ein Foto von ausserhalb machen zur Dokumentation.,CORRECT,1.0,"[0.6358945369720459, 0.49458882212638855]","[(1, 2), (0, 6)]","[['Foto', 'Ein Foto von ausserhalb']]",INCORRECT
4,nach der stationseigenen toilettenanlage fragen,INCORRECT,0.0,"[0.5402860045433044, 0.5203512907028198]","[(5, 10), (9, 10)]","[['toilettenanlage fragen', 'fragen']]",INCORRECT
4,Belege dies durch Foto und vermerke es bei der entsprechenden Aufgabe,CORRECT,1.0,"[0.5493423342704773, 0.5444000363349915]","[(4, 6), (0, 17)]","[['Foto und', 'Belege dies durch Foto und vermerke es bei der entsprechenden Aufgabe']]",INCORRECT
4,Hier muss ich Fotos von außen machen,CORRECT,1.0,"[0.6972846984863281, 0.5129380822181702]","[(0, 9), (0, 2)]","[['Hier muss ich Fotos von außen machen', 'Hier muss']]",INCORRECT
4,"foto von aussen machen, als info vermerken das WC geschlossen ist",CORRECT,1.0,"[0.4922374486923218, 0.4628760516643524]","[(0, 1), (0, 1)]","[['foto', 'foto']]",INCORRECT
4,Dann kann ich die sanitären Anlagen leider nicht bewerten,INCORRECT,0.0,"[0.6217407584190369, 0.48325517773628235]","[(4, 3), (0, 11)]","[['', 'Dann kann ich die sanitären Anlagen leider nicht']]",INCORRECT
4,"Ich frage freundlich den Mitarbeiter. Falls keine Begehung möglich ist, fotografiere ich von außen und gebe es in meinem Bericht an.",CORRECT,1.0,"[0.5778413414955139, 0.4385501444339752]","[(22, 24), (2, 4)]","[['außen', 'frage ']]",INCORRECT
4,ich mache Übersichtsaufnahmen von außen bzw. vom gesperrten Bereich und weise in der App darauf hin.,CORRECT,1.0,"[0.7424989938735962, 0.460234135389328]","[(9, 11), (1, 11)]","[['außen', 'mache Übersichtsaufnahmen von außen']]",PARTIAL_CORRECT
4,"Ich tätige ein Foto von außen, auf dem zu erkennen ist, dass sich dahinter die Toiletten befinden.",CORRECT,1.0,"[0.7267951369285583, 0.46080100536346436]","[(0, 10), (8, 10)]","[['Ich tätige ein Foto von außen', 'außen']]",PARTIAL_CORRECT
4,"Ich mache von außen ein Bild von der Toilette, mit dem vermerk das diese zur Zeit der Besichtigung geschlossen war",CORRECT,1.0,"[0.7111961841583252, 0.48326241970062256]","[(4, 6), (1, 8)]","[['außen', 'mache von außen ein Bild']]",PARTIAL_CORRECT
4,Fertige ein Foto von außen an,CORRECT,1.0,"[0.7142173647880554, 0.48963892459869385]","[(0, 9), (6, 8)]","[['Fertige ein Foto von außen an', 'außen']]",PARTIAL_CORRECT
4,Ich fotografiere die Toilette von außen und vermerke dies im Bericht,CORRECT,1.0,"[0.8031105995178223, 0.42941388487815857]","[(8, 10), (0, 10)]","[['außen', 'Ich fotografiere die Toilette von außen']]",PARTIAL_CORRECT
4,"Ich mache Fotos von Außen und vermerke, dass die Sanitäranlagen gesperrt oder geschlossen waren.",CORRECT,1.0,"[0.47944408655166626, 0.4464761018753052]","[(2, 3), (10, 8)]","[['Fotos', '']]",INCORRECT
4,Fotos von der Toilette aussen,CORRECT,1.0,"[0.47944408655166626, 0.4464761018753052]","[(0, 1), (0, 1)]","[['Fotos', 'Fotos']]",INCORRECT
4,"Foto von außen anfertigen und in der app vermerken, dass die Toiletten geschlossen sind",CORRECT,1.0,"[0.6722084879875183, 0.5099493265151978]","[(0, 15), (3, 5)]","[['Foto von außen anfertigen und in der app vermerken', 'außen']]",INCORRECT
4,Ich fotografiere die gesperrten Anlagen von außen.,CORRECT,1.0,"[0.5778413414955139, 0.4524880647659302]","[(11, 13), (1, 3)]","[['außen', 'fotografiere']]",INCORRECT
4,Nachfragen nach einer Alternativen Toilette,INCORRECT,0.0,"[0.5035186409950256, 0.5412784218788147]","[(5, 2), (0, 2)]","[['', 'Nachfragen']]",INCORRECT
4,"Verschlossene Tür von außen fotografieren, Zustand soweit wie möglich dokumentieren",CORRECT,1.0,"[0.5778413414955139, 0.520470917224884]","[(6, 8), (11, 13)]","[['außen', 'Zustand']]",INCORRECT
7,"Kraftstoff und mindestens ein Artikel aus dem Shop. Bis 16,50 wird via AppJobber erstattet, alles weitere muss man selbst zahlen",CORRECT,1.0,"[0.5549800395965576, 0.5797145366668701, 0.4656934440135956, 0.6682128310203552]","[(0, 10), (0, 10), (12, 10), (23, 31)]","[['Kraftstoff und mindestens ein Artikel aus dem Shop', 'Kraftstoff und mindestens ein Artikel aus dem Shop', '', 'alles weitere muss man selbst zahlen']]",INCORRECT
7,"tanken und Einkauf im Shop, Bezahlung bis 16,50 € über Jobbezahlung",CORRECT,1.0,"[0.5581948757171631, 0.5502710342407227, 0.5934553742408752, 0.5358286499977112]","[(0, 6), (0, 6), (5, 6), (7, 17)]","[['tanken und Einkauf im Shop', 'tanken und Einkauf im Shop', 'Shop', 'Bezahlung bis 16,50 € über Jobbezahlung']]",INCORRECT
7,"Tanken plus einen Artikel Meiner Wahl - maximal 16,50h",PARTIAL_CORRECT,0.5,"[0.5674318075180054, 0.49609899520874023, 0.5256555080413818, 0.5213708281517029]","[(0, 10), (0, 10), (5, 10), (13, 16)]","[['Tanken plus einen Artikel Meiner Wahl ', 'Tanken plus einen Artikel Meiner Wahl ', 'Artikel Meiner Wahl ', '16,50h']]",INCORRECT
7,Treibstoff und ShopArtike. Bezahlen tut AppJobber - die rechnen mit ihrem Auftraggeber ab.,PARTIAL_CORRECT,0.5,"[0.5405893921852112, 0.4444841742515564, 0.47252053022384644, 0.5203362703323364]","[(0, 7), (0, 7), (16, 7), (8, 15)]","[['Treibstoff und ShopArtike', 'Treibstoff und ShopArtike', '', 'Bezahlen tut AppJobber ']]",INCORRECT
7,"Tanken und ein Shopartikel, bis 16,50€ werden die Kosten von AppJobber getragen. Alles darüber hinaus zahle ich",CORRECT,1.0,"[0.5330685377120972, 0.5318986773490906, 0.5608885884284973, 0.6185227036476135]","[(7, 19), (0, 6), (7, 19), (7, 19)]","[['bis 16,50€ werden die Kosten von AppJobber getragen', 'Tanken und ein Shopartikel', 'bis 16,50€ werden die Kosten von AppJobber getragen', 'bis 16,50€ werden die Kosten von AppJobber getragen']]",INCORRECT
7,"tanken und einen Artikel aus dem Shop, bezahlen muss ich selbst. Bis zu 16,50 € werden mir erstattet, max. die angegebene Job-Entlohnung",CORRECT,1.0,"[0.5573274493217468, 0.5589340925216675, 0.5218138694763184, 0.5239965319633484]","[(16, 9), (0, 9), (16, 9), (16, 26)]","[['', 'tanken und einen Artikel aus dem Shop', '', 'Bis zu 16,50 € werden mir erstattet']]",INCORRECT
7,Ich muss tanken und im Shop einkaufen. Ich zahle dann.,PARTIAL_CORRECT,0.75,"[0.5584903359413147, 0.534909725189209, 0.4794340133666992, 0.558761715888977]","[(0, 9), (0, 9), (6, 7), (0, 9)]","[['Ich muss tanken und im Shop einkaufen', 'Ich muss tanken und im Shop einkaufen', 'Shop', 'Ich muss tanken und im Shop einkaufen']]",INCORRECT
7,"Tanken und Shopeinkauf. Insgesamt darf es 16,50 betragen. Es wird durch dir Vergütung gedeckt",PARTIAL_CORRECT,0.75,"[0.49223408102989197, 0.5145498514175415, 0.598522424697876, 0.49091866612434387]","[(0, 7), (0, 7), (14, 16), (8, 18)]","[['Tanken und Shopeinkauf', 'Tanken und Shopeinkauf', '16,50', 'Insgesamt darf es 16,50 betragen']]",INCORRECT
7,Kraftstoff und ein Produkt meiner Wahl aus dem Shop. Maximal sind 16.50 EUR erstattbar.,CORRECT,1.0,"[0.5631628632545471, 0.5405405759811401, 0.5965888500213623, 0.5216127634048462]","[(0, 11), (12, 11), (12, 17), (12, 21)]","[['Kraftstoff und ein Produkt meiner Wahl aus dem Shop', '', 'Maximal sind 16.50', 'Maximal sind 16.50 EUR erstattbar']]",INCORRECT
7,Kraftstoff und min 1 Artikel vom Shop. ich bezahle beide Sachen.,PARTIAL_CORRECT,0.5,"[0.5900046825408936, 0.5318998694419861, 0.48340627551078796, 0.5782048106193542]","[(0, 8), (0, 8), (7, 8), (9, 17)]","[['Kraftstoff und min 1 Artikel vom Shop', 'Kraftstoff und min 1 Artikel vom Shop', 'Shop', 'ich bezahle beide Sachen']]",INCORRECT
7,"Tanken und Einkauf im Shop. Bis 16,50 Euro gesamt wird erstattete",CORRECT,1.0,"[0.4770847260951996, 0.5880420207977295, 0.586594820022583, 0.4966128468513489]","[(0, 6), (0, 6), (8, 6), (7, 10)]","[['Tanken und Einkauf im Shop', 'Tanken und Einkauf im Shop', '', 'Bis 16,50']]",INCORRECT
7,Tanken und im Shop. ich zahle selbst,PARTIAL_CORRECT,0.5,"[0.4625694751739502, 0.5262959003448486, 0.4902045428752899, 0.4736512005329132]","[(0, 5), (0, 5), (4, 5), (6, 5)]","[['Tanken und im Shop', 'Tanken und im Shop', 'Shop', '']]",INCORRECT
7,tanken und einen Artikel kaufen und bezahlen. 16 50 werden erstattet,CORRECT,1.0,"[0.5748454332351685, 0.522203803062439, 0.4967723786830902, 0.5274518132209778]","[(0, 10), (0, 10), (11, 13), (11, 17)]","[['tanken und einen Artikel kaufen und bezahlen', 'tanken und einen Artikel kaufen und bezahlen', '16 50', '16 50 werden erstattet']]",INCORRECT
7,"Ich muss tanken (maximal 16,50 Euro erstattet) und einen Artikel meiner Wahl kaufen. AppJobber erstatte mir danach den Betrag (Kassenbon).",CORRECT,1.0,"[0.5646356344223022, 0.4993039071559906, 0.5812981724739075, 0.5465602874755859]","[(0, 21), (0, 21), (6, 8), (0, 21)]","[['Ich muss tanken (maximal 16,50 Euro erstattet) und einen Artikel meiner Wahl kaufen', 'Ich muss tanken (maximal 16,50 Euro erstattet) und einen Artikel meiner Wahl kaufen', '16,50', 'Ich muss tanken (maximal 16,50 Euro erstattet) und einen Artikel meiner Wahl kaufen']]",INCORRECT
7,"Sprit und ein Item. Bis 16,50 Euro werden übernommen",CORRECT,1.0,"[0.495987206697464, 0.4927304685115814, 0.584922730922699, 0.48258107900619507]","[(0, 4), (0, 12), (6, 8), (5, 12)]","[['Sprit und ein Item', 'Sprit und ein Item. Bis 16,50 Euro werden übernommen', '16,50', 'Bis 16,50 Euro werden übernommen']]",INCORRECT
7,Tanken und Ware im Laden. Summen bis zu einem festgelegten Wert werden übernommen. Darüber ist eigene Entscheidung und darunter dann auch nur diese Summe.,PARTIAL_CORRECT,0.5,"[0.5749297738075256, 0.5475879907608032, 0.5255931615829468, 0.5502090454101562]","[(0, 6), (0, 6), (7, 6), (7, 20)]","[['Tanken und Ware im Laden', 'Tanken und Ware im Laden', '', 'Summen bis zu einem festgelegten Wert werden übernommen']]",INCORRECT
7,"Kraftstoff UND Shopartikel. Bis zu 16,50 Euro des tatsächlichen Warenwertes werden durch den Auftraggeber erstattet.",CORRECT,1.0,"[0.5583016872406006, 0.4878687560558319, 0.5812981724739075, 0.5483974814414978]","[(0, 5), (0, 5), (8, 10), (6, 27)]","[['Kraftstoff UND Shopartikel', 'Kraftstoff UND Shopartikel', '16,50', 'Bis zu 16,50 Euro des tatsächlichen Warenwertes werden durch den Auftraggeber erstattet']]",INCORRECT
7,"tanken und Einkauf im Shop. Bis 16,50 werden mir zurückerstattet",CORRECT,1.0,"[0.5581948757171631, 0.5502710342407227, 0.48403409123420715, 0.5358286499977112]","[(0, 6), (0, 6), (5, 6), (8, 6)]","[['tanken und Einkauf im Shop', 'tanken und Einkauf im Shop', 'Shop', '']]",INCORRECT
7,"Tanken plus Einkauf im Shop, Kosten bis 16,50 sind in der Belohnung enthalten",CORRECT,1.0,"[0.486416757106781, 0.5883718729019165, 0.5392968654632568, 0.5034955739974976]","[(0, 6), (0, 6), (5, 6), (7, 6)]","[['Tanken plus Einkauf im Shop', 'Tanken plus Einkauf im Shop', 'Shop', '']]",INCORRECT
7,"Tanken sowie einen Kauf aus dem Tankstellensortiment. Es wird nur der Maximalbetrag von 16,50€ vergütet.",PARTIAL_CORRECT,0.75,"[0.5548781156539917, 0.5017358660697937, 0.6287757754325867, 0.5270220041275024]","[(0, 13), (0, 13), (14, 27), (14, 27)]","[['Tanken sowie einen Kauf aus dem Tankstellensortiment', 'Tanken sowie einen Kauf aus dem Tankstellensortiment', 'Es wird nur der Maximalbetrag von 16,50€ vergütet', 'Es wird nur der Maximalbetrag von 16,50€ vergütet']]",INCORRECT
7,"Ich muss tanken und ein Produkt im Shop kaufen und diese selbst bezahlen, die Kosten bis 16,50€ werden mir bei erfolgreiche Erledigung der Aufgaben erstattet.",CORRECT,1.0,"[0.548943817615509, 0.5702240467071533, 0.49573957920074463, 0.5802448391914368]","[(16, 36), (0, 15), (16, 36), (16, 36)]","[['die Kosten bis 16,50€ werden mir bei erfolgreiche Erledigung der Aufgaben erstattet', 'Ich muss tanken und ein Produkt im Shop kaufen und diese selbst bezahlen', 'die Kosten bis 16,50€ werden mir bei erfolgreiche Erledigung der Aufgaben erstattet', 'die Kosten bis 16,50€ werden mir bei erfolgreiche Erledigung der Aufgaben erstattet']]",INCORRECT
7,Mann muss Kraftstoff tanken und dannnoch etwas in der Tankstelle kaufen die werden bis 16.50€  erstattet,CORRECT,1.0,"[0.5512301325798035, 0.49680188298225403, 0.5295357704162598, 0.5453479886054993]","[(0, 25), (0, 25), (17, 25), (0, 25)]","[['Mann muss Kraftstoff tanken und dannnoch etwas in der Tankstelle kaufen die werden bis 16.50€ erstattet', 'Mann muss Kraftstoff tanken und dannnoch etwas in der Tankstelle kaufen die werden bis 16.50€ erstattet', 'die werden bis 16.50€ erstattet', 'Mann muss Kraftstoff tanken und dannnoch etwas in der Tankstelle kaufen die werden bis 16.50€ erstattet']]",INCORRECT
7,Ich muss tanken + shopkauf. Ich lege es vor und bekomme das Geld am Ende zurück,PARTIAL_CORRECT,0.75,"[0.5485020279884338, 0.455016553401947, 0.5003507137298584, 0.5729807615280151]","[(0, 7), (0, 7), (8, 7), (0, 20)]","[['Ich muss tanken + shopkauf', 'Ich muss tanken + shopkauf', '', 'Ich muss tanken + shopkauf. Ich lege es vor und bekomme das Geld am Ende zurück']]",INCORRECT
7,"Ich muss tanken und einen Einkauf im Shop tätigen. Der Preis muss mindestens 16,50€ betragen. Bis zu diesem Betrag werden die Kosten auch übernommen.",CORRECT,1.0,"[0.5717743039131165, 0.5222947001457214, 0.6059952974319458, 0.5741657018661499]","[(14, 23), (0, 13), (14, 23), (14, 37)]","[['Der Preis muss mindestens 16,50€ betragen', 'Ich muss tanken und einen Einkauf im Shop tätigen', 'Der Preis muss mindestens 16,50€ betragen', 'Der Preis muss mindestens 16,50€ betragen. Bis zu diesem Betrag werden die Kosten auch übernommen']]",INCORRECT
7,Ich muss Kraftstoff tanken und einen Artikel kaufen. Der Auftraggeber zahlt den Einkauf.,PARTIAL_CORRECT,0.25,"[0.6087672114372253, 0.6023631691932678, 0.5041088461875916, 0.5545072555541992]","[(0, 11), (0, 11), (9, 11), (0, 11)]","[['Ich muss Kraftstoff tanken und einen Artikel kaufen', 'Ich muss Kraftstoff tanken und einen Artikel kaufen', 'Artikel kaufen', 'Ich muss Kraftstoff tanken und einen Artikel kaufen']]",INCORRECT
7,Ich zahle die vorgegebenen Käufe und bekomme den Kaufpreis mit der Vergütung erstattet,PARTIAL_CORRECT,0.5,"[0.5680562257766724, 0.46511760354042053, 0.4596768021583557, 0.5676293969154358]","[(0, 24), (0, 24), (7, 24), (0, 24)]","[['Ich zahle die vorgegebenen Käufe und bekomme den Kaufpreis mit der Vergütung erstattet', 'Ich zahle die vorgegebenen Käufe und bekomme den Kaufpreis mit der Vergütung erstattet', 'Käufe und bekomme den Kaufpreis mit der Vergütung erstattet', 'Ich zahle die vorgegebenen Käufe und bekomme den Kaufpreis mit der Vergütung erstattet']]",INCORRECT
7,"Ich muss Kraftstoff und mindestens ein weiteren Produkt kaufen. Ich bekomme einen Betrag bis max. 16,50€ zurückerstattet.",CORRECT,1.0,"[0.5664734244346619, 0.4826851785182953, 0.5193048715591431, 0.5357452630996704]","[(0, 12), (13, 12), (13, 28), (13, 28)]","[['Ich muss Kraftstoff und mindestens ein weiteren Produkt kaufen', '', 'Ich bekomme einen Betrag bis max. 16,50€ zurückerstattet', 'Ich bekomme einen Betrag bis max. 16,50€ zurückerstattet']]",INCORRECT
7,"Welche ich möchte, tanken und etwas aus dem Shop. Höchstens 16,50 Euro, Geld bekomme ich erstattet",CORRECT,1.0,"[0.5742884874343872, 0.482906699180603, 0.5812981724739075, 0.5541914105415344]","[(0, 15), (0, 15), (19, 21), (16, 30)]","[['Welche ich möchte, tanken und etwas aus dem Shop', 'Welche ich möchte, tanken und etwas aus dem Shop', '16,50', 'Höchstens 16,50 Euro, Geld bekomme ich erstattet']]",INCORRECT
7,Ich bezahle die Käufe.,INCORRECT,0.0,"[0.5620002746582031, 0.44972363114356995, 0.43493929505348206, 0.5611100792884827]","[(0, 8), (0, 8), (2, 8), (0, 8)]","[['Ich bezahle die Käufe', 'Ich bezahle die Käufe', 'bezahle die Käufe', 'Ich bezahle die Käufe']]",INCORRECT
7,kraftstoff und einen Artikel aus dem Shop bis 16.50 Euro werden diese erstattet,CORRECT,1.0,"[0.5502999424934387, 0.5329276323318481, 0.6043103337287903, 0.5420752763748169]","[(0, 18), (0, 18), (8, 12), (0, 18)]","[['kraftstoff und einen Artikel aus dem Shop bis 16.50 Euro werden diese erstattet', 'kraftstoff und einen Artikel aus dem Shop bis 16.50 Euro werden diese erstattet', 'Shop bis 16.50', 'kraftstoff und einen Artikel aus dem Shop bis 16.50 Euro werden diese erstattet']]",INCORRECT
7,"Tanken und ein anderes Objekt und dies wird mir gutgeschrieben, wenn ich nicht über 16,50 bezahle, aber ich muss es vorstrecken",PARTIAL_CORRECT,0.75,"[0.5556066632270813, 0.4973454773426056, 0.5812981724739075, 0.5375036597251892]","[(0, 7), (0, 22), (19, 22), (19, 22)]","[['Tanken und ein anderes Objekt', 'Tanken und ein anderes Objekt und dies wird mir gutgeschrieben, wenn ich nicht über 16,50 ', '16,50 ', '16,50 ']]",INCORRECT
7,Tanken und ein Produkt meiner Wahl. Die Käufe bezahle ich,PARTIAL_CORRECT,0.5,"[0.5387928485870361, 0.49865972995758057, 0.522598147392273, 0.5803042650222778]","[(0, 8), (0, 8), (9, 5), (9, 17)]","[['Tanken und ein Produkt meiner Wahl', 'Tanken und ein Produkt meiner Wahl', '', 'Die Käufe bezahle ich']]",INCORRECT
7,"Tanken & einen Kauf im Shop, ich bezahle sie, bekomme sie aber erstattet",PARTIAL_CORRECT,0.75,"[0.5588282942771912, 0.5502139925956726, 0.4974135160446167, 0.5394443273544312]","[(0, 8), (0, 8), (7, 8), (16, 8)]","[['Tanken & einen Kauf im Shop', 'Tanken & einen Kauf im Shop', 'Shop', '']]",INCORRECT
7,Die gefragt sind Und ich muss diese bezahlen,INCORRECT,0.0,"[0.4658174514770508, 0.47217196226119995, 0.4849926233291626, 0.5210431218147278]","[(0, 3), (0, 3), (0, 3), (0, 10)]","[['Die gefragt', 'Die gefragt', 'Die gefragt', 'Die gefragt sind Und ich muss diese bezahlen']]",INCORRECT
7,Benzinkauf und z. B. Feuerzeug. Bezahlung durch mich.,PARTIAL_CORRECT,0.5,"[0.4792226254940033, 0.45798349380493164, 0.48294797539711, 0.46069297194480896]","[(0, 9), (0, 9), (7, 9), (0, 9)]","[['Benzinkauf und z. B. Feuerzeug', 'Benzinkauf und z. B. Feuerzeug', 'Feuerzeug', 'Benzinkauf und z. B. Feuerzeug']]",INCORRECT
7,"Ich darf einen Gegenstand meiner Wahl kaufen. Erst einmal zahle ich diesen. übersteigt Dieser zusammen mit dem Kraftstoff nicht 16,50€ wird mir dieser Beitrag erstattet.",PARTIAL_CORRECT,0.75,"[0.5826222896575928, 0.4889322817325592, 0.5031274557113647, 0.5758742690086365]","[(21, 42), (0, 11), (21, 42), (21, 42)]","[['übersteigt Dieser zusammen mit dem Kraftstoff nicht 16,50€ wird mir dieser Beitrag erstattet', 'Ich darf einen Gegenstand meiner Wahl kaufen', 'übersteigt Dieser zusammen mit dem Kraftstoff nicht 16,50€ wird mir dieser Beitrag erstattet', 'übersteigt Dieser zusammen mit dem Kraftstoff nicht 16,50€ wird mir dieser Beitrag erstattet']]",INCORRECT
7,"Kraftstoff und etwas aus dem Shop für insgesamt höchstens 16,50Euro",PARTIAL_CORRECT,0.75,"[0.633806586265564, 0.49191296100616455, 0.45148247480392456, 0.5580854415893555]","[(0, 2), (0, 9), (16, 9), (0, 9)]","[['Kraftstoff', 'Kraftstoff und etwas aus dem Shop', '', 'Kraftstoff und etwas aus dem Shop']]",INCORRECT
7,"tanken und ein Produkt aus dem Shop.. bis 16,50 zahlt app jobber",PARTIAL_CORRECT,0.75,"[0.5608985424041748, 0.554466962814331, 0.50067538022995, 0.51828533411026]","[(0, 8), (0, 8), (11, 8), (11, 8)]","[['tanken und ein Produkt aus dem Shop', 'tanken und ein Produkt aus dem Shop', '', '']]",INCORRECT
7,"Kraftstoff und ein Kauf im Shop. Bezahlen muß ich das erstmal. Ich bekomme die 16,50 Euro erstattet.",CORRECT,1.0,"[0.5761331915855408, 0.5667597651481628, 0.512015700340271, 0.5729759335517883]","[(0, 7), (0, 7), (21, 7), (17, 27)]","[['Kraftstoff und ein Kauf im Shop', 'Kraftstoff und ein Kauf im Shop', '', 'Ich bekomme die 16,50 Euro erstattet']]",INCORRECT
7,Tanken UND EINKAUFEN. Ich bezahle sie und bekomme bis zum genannten Betrag in der Beschreibung erstattet.,PARTIAL_CORRECT,0.75,"[0.541841447353363, 0.4769258201122284, 0.4435337781906128, 0.5399259328842163]","[(0, 7), (0, 7), (19, 7), (8, 29)]","[['Tanken UND EINKAUFEN', 'Tanken UND EINKAUFEN', '', 'Ich bezahle sie und bekomme bis zum genannten Betrag in der Beschreibung erstattet']]",INCORRECT
7,"Tank und 1Artikel bis max. 16,50€ werden übernommen",CORRECT,1.0,"[0.46500828862190247, 0.4912402331829071, 0.5910232663154602, 0.4658292531967163]","[(0, 12), (0, 12), (7, 12), (0, 12)]","[['Tank und 1Artikel bis max. 16,50€ werden übernommen', 'Tank und 1Artikel bis max. 16,50€ werden übernommen', '16,50€ werden übernommen', 'Tank und 1Artikel bis max. 16,50€ werden übernommen']]",INCORRECT
6,"Zu jeder Tageszeit, aber während der Öffnungszeiten des Shops",CORRECT,1.0,"[0.5536280870437622, 0.570435106754303]","[(1, 16), (5, 16)]","[['jeder Tageszeit, aber während der Öffnungszeiten des Shops', ', aber während der Öffnungszeiten des Shops']]",INCORRECT
6,"24 Stunden am Tag, jeweils zu den Öffnungszeiten der Tankstelle",PARTIAL_CORRECT,0.5,"[0.32544365525245667, 0.35031479597091675]","[(4, 5), (4, 5)]","[[',', ',']]",INCORRECT
6,24 Std darf ich ihn ausfuehren,INCORRECT,0.0,"[0.6036878228187561, 0.4905672073364258]","[(4, 4), (0, 4)]","[['', '24 Std ']]",INCORRECT
6,zu den Öffnungszeiten der Tankstelle,PARTIAL_CORRECT,0.5,"[0.34560781717300415, 0.3783469498157501]","[(0, 0), (5, 7)]","[['', 'Tankstelle']]",INCORRECT
6,Zu den Öffnungszeiten,PARTIAL_CORRECT,0.5,"[0.42768383026123047, 0.4589077830314636]","[(0, 4), (4, 4)]","[['Zu den Öffnungszeiten', '']]",INCORRECT
6,während der Öffnungszeiten des Shops,CORRECT,1.0,"[0.39535221457481384, 0.4389079809188843]","[(7, 9), (7, 9)]","[['Shops', 'Shops']]",INCORRECT
6,"Der Job kann jeden Tag erledigt werden, muss aber während der Öffnungszeiten des Shops erfolgen. Tageslicht spielt keine Rolle.",CORRECT,1.0,"[0.5403645038604736, 0.5768396854400635]","[(9, 21), (9, 21)]","[[', muss aber während der Öffnungszeiten des Shops', ', muss aber während der Öffnungszeiten des Shops']]",INCORRECT
6,"Die Tageszeit spielt keine Rolle, so lange der Shop geöffnet ist.",CORRECT,1.0,"[0.411803275346756, 0.6718413233757019]","[(9, 8), (9, 17)]","[['', 'so lange der Shop geöffnet ist']]",INCORRECT
6,"Immer wenn der Tankstellenshop geöffnet hat, Tageslicht spielt keine Rolle",CORRECT,1.0,"[0.6151859760284424, 0.6190372705459595]","[(12, 20), (0, 11)]","[[', Tageslicht spielt keine Rolle', 'Immer wenn der Tankstellenshop geöffnet']]",INCORRECT
6,Ich darf den Check zu jeder Tageszeit durchführen und muss dabei nur auf die Öffnungszeiten des Shops achten.,CORRECT,1.0,"[0.4243911802768707, 0.5095221996307373]","[(6, 22), (6, 24)]","[['jeder Tageszeit durchführen und muss dabei nur auf die Öffnungszeiten des', 'jeder Tageszeit durchführen und muss dabei nur auf die Öffnungszeiten des Shops']]",INCORRECT
6,Zu Öffnungszeiten der Tankstelle,PARTIAL_CORRECT,0.5,"[0.4226303994655609, 0.4497761130332947]","[(0, 3), (4, 4)]","[['Zu Öffnungszeiten', '']]",INCORRECT
6,zu den regulären Öffnungszeiten,PARTIAL_CORRECT,0.5,"[0.45025330781936646, 0.4567279815673828]","[(2, 6), (2, 6)]","[['regulären Öffnungszeiten', 'regulären Öffnungszeiten']]",INCORRECT
6,"Zu den Öffnungszeiten und es muss so hell sein,dass alle Fotos erkennbar sind",CORRECT,1.0,"[0.32544365525245667, 0.35031479597091675]","[(10, 11), (4, 4)]","[[',', '']]",INCORRECT
6,Zu jeder Tageszeit solange der Shop geöffnet hat,CORRECT,1.0,"[0.4375881850719452, 0.6344166398048401]","[(1, 5), (5, 13)]","[['jeder Tageszeit', 'solange der Shop geöffnet hat']]",INCORRECT
6,"während Öffnungszeiten Tankstelle, Tageszeit ist somit egal",PARTIAL_CORRECT,0.5,"[0, 0]","[(7, 5), (7, 5)]","[['', '']]",INCORRECT
6,Zu jeder Tageszeit.,PARTIAL_CORRECT,0.5,"[0.4375881850719452, 0.4276807904243469]","[(1, 5), (1, 5)]","[['jeder Tageszeit', 'jeder Tageszeit']]",INCORRECT
6,Zu jeder Öffnungszeit,PARTIAL_CORRECT,0.5,"[0.4425984025001526, 0.4764145612716675]","[(1, 7), (1, 7)]","[['jeder Öffnungszeit', 'jeder Öffnungszeit']]",INCORRECT
6,während den öffnungszeiten der Tankstelle,PARTIAL_CORRECT,0.5,"[0.6157490611076355, 0.5349213480949402]","[(0, 7), (8, 10)]","[['während den öffnungszeiten', 'Tankstelle']]",INCORRECT
6,morgen mittags abends,INCORRECT,0.0,"[0.5433988571166992, 0.48865634202957153]","[(0, 6), (0, 6)]","[['morgen mittags abends', 'morgen mittags abends']]",INCORRECT
6,Die Tageszeit spielt keine rolle,PARTIAL_CORRECT,0.5,"[0.3567998707294464, 0.40467196702957153]","[(7, 8), (7, 8)]","[['rolle', 'rolle']]",INCORRECT
6,Während den Öffnungszeiten der Tankstelle.,PARTIAL_CORRECT,0.75,"[0.4183632731437683, 0.43513092398643494]","[(2, 5), (6, 6)]","[['den Öffnungszeiten', '']]",INCORRECT
6,Tageszeit spielt keine Rolle,PARTIAL_CORRECT,0.75,"[0.6526853442192078, 0.5314326286315918]","[(0, 7), (0, 7)]","[['Tageszeit spielt keine Rolle', 'Tageszeit spielt keine Rolle']]",INCORRECT
6,Grundlegend ist der Job ganztägig machbar. Natürlich aber von den Öffnungszeiten begrenzt,CORRECT,1.0,"[0.4303019046783447, 0.4802248775959015]","[(12, 2), (12, 22)]","[['', 'Natürlich aber von den Öffnungszeiten begrenzt']]",INCORRECT
6,Tageslicht spielt keine Rolle.  Während der Öffnungszeiten.,PARTIAL_CORRECT,0.5,"[0.648261547088623, 0.5498804450035095]","[(0, 7), (3, 7)]","[['Tageslicht spielt keine Rolle', 'spielt keine Rolle']]",INCORRECT
6,Zu der im Test angegebenen,INCORRECT,0.0,"[0.3851264715194702, 0.4284447729587555]","[(3, 7), (3, 4)]","[['Test angegebenen', 'Test']]",INCORRECT
6,Von 8 Uhr bis 20 Uhr,INCORRECT,0.0,"[0.40415486693382263, 0.4369499385356903]","[(4, 2), (4, 6)]","[['', '20 Uhr']]",INCORRECT
6,Den ganzen Tag über. Tageslicht ist nicht unbedingt erforderlich,PARTIAL_CORRECT,0.5,"[0.5512240529060364, 0.5016694664955139]","[(0, 5), (4, 5)]","[['Den ganzen Tag', 'Tag']]",INCORRECT
6,Während der Öffnungszeiten,PARTIAL_CORRECT,0.5,"[0.42963868379592896, 0.4750100076198578]","[(0, 5), (0, 0)]","[['Während der Öffnungszeiten', '']]",INCORRECT
6,während der Öffnungszeiten,PARTIAL_CORRECT,0.5,"[0.6154714822769165, 0.5433475971221924]","[(0, 1), (0, 6)]","[['', 'während der Öffnungszeiten']]",INCORRECT
6,"Jederzeit, wann immer du willst.",PARTIAL_CORRECT,0.25,"[0.548651397228241, 0.48791834712028503]","[(3, 8), (3, 5)]","[[', wann immer du', ', ']]",INCORRECT
6,"Immer, auch in der Dunkelheit",PARTIAL_CORRECT,0.5,"[0.5544511675834656, 0.4958038926124573]","[(2, 9), (2, 9)]","[[', auch in der Dunkelheit', ', auch in der Dunkelheit']]",INCORRECT
6,Tageslicht nicht notwendig aber während der ShopÖffnungszeiten,CORRECT,1.0,"[0.4828105568885803, 0.4877113103866577]","[(0, 7), (10, 13)]","[['Tageslicht nicht notwendig aber ', 'ShopÖffnungszeiten']]",INCORRECT
6,Zu den Öffnungszeiten,PARTIAL_CORRECT,0.25,"[0.42768383026123047, 0.4589077830314636]","[(0, 4), (0, 4)]","[['Zu den Öffnungszeiten', 'Zu den Öffnungszeiten']]",INCORRECT
6,Zu jeder Tageszeit während der Öffnungszeiten der Tankstelle,PARTIAL_CORRECT,0.5,"[0.4375881850719452, 0.4276807904243469]","[(1, 6), (1, 6)]","[['jeder Tageszeit ', 'jeder Tageszeit ']]",INCORRECT
6,während der Öffnungszeiten des Shops,CORRECT,1.0,"[0.39535221457481384, 0.4389079809188843]","[(7, 9), (7, 9)]","[['Shops', 'Shops']]",INCORRECT
6,"Während der Öffnungszeiten, Tageslicht ist egal.",PARTIAL_CORRECT,0.75,"[0.43685171008110046, 0.45111745595932007]","[(5, 8), (5, 6)]","[[', Tageslicht', ',']]",INCORRECT
6,"Der Check ist an keine direkte Tageszeit gebunden, muss jedoch innerhalb der normalen Öffnungszeiten stattfinden.",PARTIAL_CORRECT,0.5,"[0.34800612926483154, 0.39428845047950745]","[(12, 14), (12, 14)]","[[', muss', ', muss']]",INCORRECT
6,"So lange, wie der Shop begehbar ist. Das Tageslicht spielt bei diesem Check keine Rolle",CORRECT,1.0,"[0.32544365525245667, 0.35031479597091675]","[(2, 3), (2, 3)]","[[',', ',']]",INCORRECT
6,Immer während den Öffnungszeiten,PARTIAL_CORRECT,0.5,"[0.549323320388794, 0.4844267964363098]","[(0, 6), (5, 8)]","[['Immer während den', 'den Öffnungszeiten']]",INCORRECT
6,12:30-13:30 eben halt,INCORRECT,0.0,"[0.3721899688243866, 0.39342001080513]","[(0, 3), (0, 3)]","[['12:30-13:30', '12:30-13:30']]",INCORRECT
6,Ich kann den check zu jeder Tageszeit durchführen,PARTIAL_CORRECT,0.5,"[0.4375881850719452, 0.4276807904243469]","[(5, 9), (5, 4)]","[['jeder Tageszeit', '']]",INCORRECT
6,Zwischen 9 bis 18 Uhr,INCORRECT,0.0,"[0.37054309248924255, 0.4180261194705963]","[(0, 2), (0, 2)]","[['Zwischen 9', 'Zwischen 9']]",INCORRECT
6,"Jederzeit, hauptsache während der Öffnungzeiten.",PARTIAL_CORRECT,0.5,"[0.5754515528678894, 0.5604573488235474]","[(3, 5), (3, 14)]","[[', ', ', hauptsache während der Öffnungzeiten']]",INCORRECT
6,Öffnungszeiten Tankstelle,PARTIAL_CORRECT,0.5,"[0.40241914987564087, 0.4151402413845062]","[(0, 2), (0, 2)]","[['Öffnungszeiten', 'Öffnungszeiten']]",INCORRECT
6,Jeden Tag während der Öffnungszeiten der jeweiligen Tankstelle,PARTIAL_CORRECT,0.25,"[0.416435182094574, 0.43032264709472656]","[(0, 4), (0, 4)]","[['Jeden Tag ', 'Jeden Tag ']]",INCORRECT
6,Am besten wenn es noch hell ist,INCORRECT,0.0,"[0.6023632287979126, 0.48574966192245483]","[(0, 4), (4, 4)]","[['Am besten ', '']]",INCORRECT
6,jeden Tag jedoch zur Öffnungszeit des Shops,CORRECT,1.0,"[0.40758830308914185, 0.5259407162666321]","[(0, 12), (10, 12)]","[['jeden Tag jedoch zur Öffnungszeit des Shops', 'Shops']]",INCORRECT
6,Während der Öffnungszeiten der Tankstelle.,PARTIAL_CORRECT,0.5,"[0, 0]","[(6, 5), (6, 6)]","[['', '']]",INCORRECT
6,Zu den Öffnungszeiten,PARTIAL_CORRECT,0.5,"[0.42768383026123047, 0.4589077830314636]","[(0, 4), (0, 4)]","[['Zu den Öffnungszeiten', 'Zu den Öffnungszeiten']]",INCORRECT
6,Zwischen 8 und 17 Uhr!,INCORRECT,0.0,"[0.35912421345710754, 0.39025184512138367]","[(0, 5), (1, 5)]","[['Zwischen 8 und 17 Uhr', '8 und 17 Uhr']]",INCORRECT
6,Der Job kann zu jeder Tageszeit ausgeführt werden. Hauptsache der Shop ist auf,CORRECT,1.0,"[0.4375881850719452, 0.5443599224090576]","[(4, 8), (4, 18)]","[['jeder Tageszeit', 'jeder Tageszeit ausgeführt werden. Hauptsache der Shop ist auf']]",INCORRECT
6,zu jeder Tageszeit.,PARTIAL_CORRECT,0.5,"[0.4375881850719452, 0.4276807904243469]","[(1, 5), (1, 5)]","[['jeder Tageszeit', 'jeder Tageszeit']]",INCORRECT
3,Ich verhalte mich wie ein normaler Kunde und bin freundlich.,INCORRECT,0.0,"[0.43026086688041687, 0.47282519936561584, 0.4860333502292633, 0.5234658122062683]","[(0, 3), (8, 3), (0, 9), (0, 9)]","[['Ich verhalte', '', 'Ich verhalte mich wie ein normaler Kunde', 'Ich verhalte mich wie ein normaler Kunde']]",INCORRECT
3,"Wie sich der Verkäufer verhält (freundlich, was frägt er etc); was der Verkäufer anhat; Spricht er mich auf die möglichkeit des Feedbacks an? Auf die Shell Karte?...",CORRECT,1.0,"[0.45795661211013794, 0.5132527947425842, 0.5488024950027466, 0.5485345125198364]","[(17, 21), (17, 23), (17, 21), (17, 18)]","[['was der Verkäufer', 'was der Verkäufer anhat', 'was der Verkäufer', 'was']]",INCORRECT
3,"Passende Arbeitskleidung, ist er freundlich/hilfsbereit?",INCORRECT,0.0,"[0.5217687487602234, 0.5577821135520935, 0.5519475936889648, 0.6366739869117737]","[(0, 4), (0, 4), (0, 4), (0, 4)]","[['Passende Arbeitskleidung', 'Passende Arbeitskleidung', 'Passende Arbeitskleidung', 'Passende Arbeitskleidung']]",INCORRECT
3,immer Frôhlich sein und dabei bleiben,INCORRECT,0.0,"[0.497866690158844, 0.5268905162811279, 0.5047481060028076, 0.5144449472427368]","[(0, 6), (0, 5), (0, 6), (0, 11)]","[['immer Frôhlich sein', 'immer Frôhlich', 'immer Frôhlich sein', 'immer Frôhlich sein und dabei bleiben']]",INCORRECT
3,Uniform. Freundlichkeit. Begrüßung. Schnelligkeit. Shell Smart Karte abgefragt?. Angebote unterbreitet?,CORRECT,1.0,"[1.0, 0.7829988598823547, 0.560832142829895, 0.5983089208602905]","[(5, 9), (0, 1), (0, 1), (0, 4)]","[['Begrüßung', 'Uniform', 'Uniform', 'Uniform. Freundlichkeit']]",PARTIAL_CORRECT
3,Ich soll mich wie ein ganz normaler Kunde verhalten.,INCORRECT,0.0,"[0.4334818720817566, 0.4836551547050476, 0.5043070912361145, 0.5693446397781372]","[(0, 12), (0, 2), (7, 2), (9, 12)]","[['Ich soll mich wie ein ganz normaler Kunde verhalten', 'Ich soll', '', 'Kunde verhalten']]",INCORRECT
3,"Ob die Mitarbeiter alle die richtige Kleidung tragen, nach der Shell Card gefragt haben und ob sie freundlich in der Gesprächsführung waren",PARTIAL_CORRECT,0.5,"[0.46240633726119995, 0.47353628277778625, 0.489387184381485, 0.5568792223930359]","[(0, 32), (0, 26), (0, 12), (16, 17)]","[['Ob die Mitarbeiter alle die richtige Kleidung tragen, nach der Shell Card gefragt haben und ob sie freundlich in der Gesprächsführung waren', 'Ob die Mitarbeiter alle die richtige Kleidung tragen, nach der Shell Card gefragt haben und ob sie freundlich in', 'Ob die Mitarbeiter alle die richtige Kleidung tragen', 'Card']]",INCORRECT
3,"Ob der Mitarbeiter freundlich ist, zusätzliche Angebote unterbreitet, nach der Shell Clubkarte fragt, Shell Kleidung trägt, usw.",PARTIAL_CORRECT,0.75,"[0.3972666263580322, 0.4493802785873413, 0.523409903049469, 0.643610954284668]","[(23, 27), (23, 11), (23, 27), (15, 22)]","[['Shell Kleidung ', '', 'Shell Kleidung ', 'nach der Shell Clubkarte fragt']]",INCORRECT
3,"Mitarbeiter Arbeitskleidung, Freundlichkeit, Blickkontakt, Namensschild, Begrüssung und Verabschiedung freundlich?",PARTIAL_CORRECT,0.5,"[0.6971374750137329, 0.6691522002220154, 0.5391432046890259, 0.6489205956459045]","[(15, 3), (15, 27), (0, 3), (0, 3)]","[['', 'Begrüssung und Verabschiedung freundlich', 'Mitarbeiter Arbeitskleidung', 'Mitarbeiter Arbeitskleidung']]",INCORRECT
3,"Eventuelle persönliche Begrüßung. Ob er freundlich ist und mit einem lächeln bedient. Zusätzliche angebote unterbreitet, zügig arbeitet und sich für verspätungen zumindest entschuldigt. Befragung nach der clubkarte oder app",PARTIAL_CORRECT,0.75,"[0.8259214162826538, 0.7220658659934998, 0.5874780416488647, 0.7413601279258728]","[(3, 10), (11, 62), (25, 62), (52, 59)]","[['persönliche Begrüßung', 'Ob er freundlich ist und mit einem lächeln bedient. Zusätzliche angebote unterbreitet, zügig arbeitet und sich für verspätungen zumindest entschuldigt. Befragung nach der clubkarte oder app', 'Zusätzliche angebote unterbreitet, zügig arbeitet und sich für verspätungen zumindest entschuldigt. Befragung nach der clubkarte oder app', 'Befragung nach der clubkarte']]",PARTIAL_CORRECT
3,"Ich dachte darauf, ob er Arbeitskleidung von Shell trägt, ob er nach Club Smart fragt, ob er sich freundlich verhält also mich begrüßt und verabschiedet. Außerdem, dass er mir andere Angebote unterbreitet und mich schnell bedient.",CORRECT,1.0,"[0.6220158934593201, 0.6051921844482422, 0.4384502172470093, 0.4322933852672577]","[(33, 41), (25, 10), (25, 31), (24, 10)]","[['begrüßt und verabschiedet', '', 'er sich freundlich verhält', '']]",INCORRECT
3,Ich soll mich wie ein normaler Kunde verhalten,INCORRECT,0.0,"[0.37404853105545044, 0.4088517129421234, 0.4660933315753937, 0.5144259929656982]","[(0, 9), (0, 2), (7, 2), (7, 2)]","[['Ich soll mich wie ein normaler Kunde ', 'Ich soll', '', '']]",INCORRECT
3,"Höflich bleiben, begrüßt mich der Mitarbeiter, hält er Augen kontakt, hat der Mitarbeiter die shell Arbeitskleidung an, fragt er nach der shell kundenkarte, macht er mir ein zusätzliches angebot",CORRECT,1.0,"[0.5608742237091064, 0.5268864035606384, 0.5361678600311279, 0.6340013742446899]","[(6, 12), (19, 5), (19, 27), (29, 37)]","[['begrüßt mich der Mitarbeiter', '', 'hat der Mitarbeiter die shell Arbeitskleidung an', 'fragt er nach der shell kundenkarte']]",INCORRECT
3,"Wurde Shell Arbeitskleidung und ein Namensschild getragen. Waren die Mitarbeiter freundlich, haben gegrüßt oder mich durch ihr Verhalten angeregt mich zu verabschieden etc. Wurde ich nach der Shell ClubSmartKarte gefragt, und haben Mitarbeiter nur mir noch zusätzliche Angebote unterbreitet. Erfolgte die Bedienung schnell, und wenn nicht wurde sich entschuldigt. Hat man mich darauf aufmerksam gemacht Kundenfeedback zu hinterlassen?",CORRECT,1.0,"[0.6444483995437622, 0.6053271293640137, 0.5017824769020081, 0.5624844431877136]","[(19, 24), (13, 38), (0, 12), (0, 12)]","[['haben gegrüßt', 'Waren die Mitarbeiter freundlich, haben gegrüßt oder mich durch ihr Verhalten angeregt mich zu verabschieden', 'Wurde Shell Arbeitskleidung und ein Namensschild getragen', 'Wurde Shell Arbeitskleidung und ein Namensschild getragen']]",INCORRECT
3,"Begrüßung,  Freundlichke , Hilfsbereitschaft, Shell Karte und Sonderangebote",PARTIAL_CORRECT,0.75,"[1.0, 0.7829988598823547, 0.5153867602348328, 0.6051417589187622]","[(0, 4), (0, 4), (0, 8), (14, 18)]","[['Begrüßung', 'Begrüßung', 'Begrüßung, Freundlichke', 'Shell Karte und Sonder']]",PARTIAL_CORRECT
3,Ob sie freundlich und bemüht sind und was sie für Arbeitskleidung tragen,PARTIAL_CORRECT,0.25,"[0.4189128577709198, 0.44587793946266174, 0.47787562012672424, 0.49467092752456665]","[(0, 7), (0, 4), (0, 7), (0, 16)]","[['Ob sie freundlich und bemüht', 'Ob sie freundlich', 'Ob sie freundlich und bemüht', 'Ob sie freundlich und bemüht sind und was sie für Arbeitskleidung tragen']]",INCORRECT
3,"Arbeitskleidung mit Namensschild, persönliche Begrüßung und Verabschiedung, zusätzliche Angebote, Wartezeit an der Kasse, Freundlichkeit, Shell ClubSmart Karte",CORRECT,1.0,"[0.7488315105438232, 0.7079489827156067, 0.5523303747177124, 0.5724281072616577]","[(7, 28), (7, 19), (0, 28), (0, 28)]","[['persönliche Begrüßung und Verabschiedung, zusätzliche Angebote, Wartezeit', 'persönliche Begrüßung und Verabschiedung', 'Arbeitskleidung mit Namensschild, persönliche Begrüßung und Verabschiedung, zusätzliche Angebote, Wartezeit', 'Arbeitskleidung mit Namensschild, persönliche Begrüßung und Verabschiedung, zusätzliche Angebote, Wartezeit']]",PARTIAL_CORRECT
3,Ob der Mitarbeiter Arbeitskleidung trägt und wie freundlich er sich verhält.,PARTIAL_CORRECT,0.5,"[0.38809502124786377, 0.44687655568122864, 0.5189158320426941, 0.5769782066345215]","[(0, 1), (0, 12), (0, 8), (0, 3)]","[['Ob', 'Ob der Mitarbeiter Arbeitskleidung trägt und wie freundlich', 'Ob der Mitarbeiter Arbeitskleidung trägt', 'Ob der Mitarbeiter']]",INCORRECT
3,Freundlichkeit und Arbeitskleidung. und ob ich nach der Karte gefragt werde. Ob er mich wahr nimmt.,PARTIAL_CORRECT,0.25,"[0.6100860834121704, 0.6400514245033264, 0.5611530542373657, 0.6389519572257996]","[(0, 2), (0, 3), (0, 5), (0, 5)]","[['Freundlichkeit', 'Freundlichkeit und', 'Freundlichkeit und Arbeitskleidung', 'Freundlichkeit und Arbeitskleidung']]",INCORRECT
3,"Ich achte darauf, ob der Mitarbeiter Arbeitskleidung und ein Namensschild trägt. Zudem achte ich darauf, ob der Mitarbeiter mich begrüßt uns verabschiedet und ob der Mitarbeiter freundlich ist.",PARTIAL_CORRECT,0.5,"[0.5053601861000061, 0.5111543536186218, 0.4791792035102844, 0.5078839659690857]","[(19, 34), (19, 38), (40, 34), (19, 34)]","[['Zudem achte ich darauf, ob der Mitarbeiter mich begrüßt uns', 'Zudem achte ich darauf, ob der Mitarbeiter mich begrüßt uns verabschiedet', '', 'Zudem achte ich darauf, ob der Mitarbeiter mich begrüßt uns']]",INCORRECT
3,Höflichkeit und respektvolles Verhalten,INCORRECT,0.0,"[0.5160773992538452, 0.5415847301483154, 0.5139532089233398, 0.5043224692344666]","[(0, 3), (0, 3), (0, 8), (0, 8)]","[['Höflichkeit', 'Höflichkeit', 'Höflichkeit und respektvolles Verhalten', 'Höflichkeit und respektvolles Verhalten']]",INCORRECT
3,"Freundlichkeit, ShellClub Smartcard auf Anfrage, Namensschild und Shellkleidung, Hinweise auf Angebote, Entschuldigung bei Wartezeit, Hinweis auf KundenfeedbackMöglichkeit gegeben?",PARTIAL_CORRECT,0.75,"[0, 0, 0, 0]","[(11, 2), (11, 2), (11, 2), (11, 2)]","[['', '', '', '']]",INCORRECT
3,"Ob ich begrüßt wurde, die Mitarbeiter Arbeitskleidung tragen, ob ich nach meiner Club Karte gefragt wurde, ob der Mitarbeiter mir ein persönliches Angebot unterbreitet und ob er mich nach einem Kundenfeedback fragt.",PARTIAL_CORRECT,0.75,"[0.643200695514679, 0.5668129920959473, 0.5118207931518555, 0.5636597275733948]","[(2, 6), (0, 13), (8, 48), (7, 13)]","[['begrüßt wurde', 'Ob ich begrüßt wurde, die Mitarbeiter Arbeitskleidung tragen', 'Mitarbeiter Arbeitskleidung tragen, ob ich nach meiner Club Karte gefragt wurde, ob der Mitarbeiter mir ein persönliches Angebot unterbreitet und ob er mich nach einem Kundenfeedback fragt', 'die Mitarbeiter Arbeitskleidung tragen']]",INCORRECT
3,stets freundlich sein und den Anweisungen folgen.,INCORRECT,0.0,"[0.4042814373970032, 0.43595659732818604, 0.4192486107349396, 0.45624685287475586]","[(5, 6), (0, 6), (0, 6), (0, 6)]","[['sein', 'stets freundlich sein', 'stets freundlich sein', 'stets freundlich sein']]",INCORRECT
3,"Freundlichkeit, Blickkontakt, Arbeitskleidung. Gibt er/ sie einen Hinweis auf Clubsmart und/oder App? Weißt er/sie mich auf andere Aktionen hin?! Entschuldigt er / sich für ggf. lange Wartezeiten.",PARTIAL_CORRECT,0.5,"[0.6100860834121704, 0.6400514245033264, 0.5611530542373657, 0.6067226529121399]","[(0, 2), (0, 2), (0, 2), (0, 2)]","[['Freundlichkeit', 'Freundlichkeit', 'Freundlichkeit', 'Freundlichkeit']]",INCORRECT
3,"Namensschild, Arbeitskleidung, ClubSmart Karte, Zusatzangebot, Höflichkeit und Freundlichkeit.",PARTIAL_CORRECT,0.75,"[0.5827319025993347, 0.6110987663269043, 0.5512369871139526, 0.6511161923408508]","[(0, 10), (0, 3), (0, 6), (0, 10)]","[['Namensschild, Arbeitskleidung, ClubSmart Karte', 'Namensschild', 'Namensschild, Arbeitskleidung', 'Namensschild, Arbeitskleidung, ClubSmart Karte']]",INCORRECT
3,Ob er ein Namensschild traegt,INCORRECT,0.0,"[0.5827319025993347, 0.6110987663269043, 0.5471144318580627, 0.6511161923408508]","[(0, 6), (0, 6), (0, 6), (3, 6)]","[['Ob er ein Namensschild', 'Ob er ein Namensschild', 'Ob er ein Namensschild', 'Namensschild']]",INCORRECT
3,ich verhalte mich stets freundlich und halte mich  an die Anweisungen des Personals,INCORRECT,0.0,"[0.4233933389186859, 0.4425787031650543, 0.4657074511051178, 0.4741744101047516]","[(0, 3), (0, 3), (0, 3), (0, 21)]","[['ich verhalte', 'ich verhalte', 'ich verhalte', 'ich verhalte mich stets freundlich und halte mich an die Anweisungen des Personals']]",INCORRECT
3,"Freundlichkeit, Partner Programme, Verabschieudng",PARTIAL_CORRECT,0.5,"[0.6100860834121704, 0.6400514245033264, 0.5611530542373657, 0.6067226529121399]","[(0, 2), (6, 11), (0, 2), (0, 2)]","[['Freundlichkeit', 'Verabschieudng', 'Freundlichkeit', 'Freundlichkeit']]",INCORRECT
3,Freundlichkeit Begrüßung und Verabschiedung Namensschilder und Berufsbekleidung Wurde nach der Shell App oder der Club Karte gefragt Schnelle Bedienung Zusätzliche Angebote,CORRECT,1.0,"[0.7967175841331482, 0.7371798157691956, 0.5611530542373657, 0.6067226529121399]","[(2, 11), (0, 14), (0, 2), (0, 14)]","[['Begrüßung und Verabschiedung', 'Freundlichkeit Begrüßung und Verabschiedung Namensschilder', 'Freundlichkeit', 'Freundlichkeit Begrüßung und Verabschiedung Namensschilder']]",PARTIAL_CORRECT
3,Darauf achten ob ich nach der Shell Smartcard gefragt werde. Wenn ja ggf. nutzen und nicht von selbst zeigen. Darauf achten ob ich auf sonstige Angebote hingewiesen werde.,PARTIAL_CORRECT,0.5,"[0.38114383816719055, 0.43852463364601135, 0.46945101022720337, 0.5352705121040344]","[(30, 42), (30, 34), (30, 34), (30, 42)]","[['Darauf achten ob ich auf sonstige Angebote hingewiesen', 'Darauf achten', 'Darauf achten', 'Darauf achten ob ich auf sonstige Angebote hingewiesen']]",INCORRECT
3,"Er soll nicht anmerken, dass ich was illegales mache oder so.",INCORRECT,0.0,"[0.3985242247581482, 0.45905911922454834, 0.4803866744041443, 0.5246317982673645]","[(7, 3), (7, 5), (7, 5), (0, 5)]","[['', '', '', 'Er soll nicht anmerken']]",INCORRECT
3,"Ob ich begrüßt werde, der Mitarbeiter Arbeitskleidung trägt und freundlich ist. Und sich von mir verabschiedet.",PARTIAL_CORRECT,0.5,"[0.6050746440887451, 0.5738537311553955, 0.506229043006897, 0.527377188205719]","[(2, 6), (19, 27), (7, 5), (0, 9)]","[['begrüßt werde', 'Und sich von mir verabschiedet', '', 'Ob ich begrüßt werde, der Mitarbeiter']]",INCORRECT
3,"Verhalten der Mitarbeiter,  frage nach Clubsmartkarte beachten und Berufskleidung",PARTIAL_CORRECT,0.5,"[0.4680801033973694, 0.5344038605690002, 0.5393112301826477, 0.6635791063308716]","[(0, 1), (0, 1), (5, 6), (5, 15)]","[['Verhalten', 'Verhalten', 'frage', 'frage nach Clubsmartkarte beachten und Berufskleidung']]",INCORRECT
3,Freundlichkeit und hilfsbereit,INCORRECT,0.0,"[0.6100860834121704, 0.6400514245033264, 0.5611530542373657, 0.6067226529121399]","[(0, 2), (0, 2), (0, 7), (0, 7)]","[['Freundlichkeit', 'Freundlichkeit', 'Freundlichkeit und hilfsbereit', 'Freundlichkeit und hilfsbereit']]",INCORRECT
3,Deutlich und Respekt sagen,INCORRECT,0.0,"[0.5208396315574646, 0.5804420113563538, 0.4862431585788727, 0.5111321806907654]","[(0, 8), (0, 4), (0, 8), (0, 4)]","[['Deutlich und Respekt sagen', 'Deutlich und', 'Deutlich und Respekt sagen', 'Deutlich und']]",INCORRECT
3,erlaubte Berufsmode. Kundenansprache. Begrüßung. Verabschiedung. Freundlichkeit.,PARTIAL_CORRECT,0.5,"[1.0, 1.0, 0.5636052489280701, 0.6630886793136597]","[(11, 15), (16, 20), (11, 6), (7, 10)]","[['Begrüßung', 'Verabschiedung', '', 'Kundenansprache']]",PARTIAL_CORRECT
3,"Freundlichkeit, Kleidung, augenkontakt",INCORRECT,0.0,"[0.6100860834121704, 0.6400514245033264, 0.5611530542373657, 0.6067226529121399]","[(0, 2), (0, 2), (0, 2), (0, 2)]","[['Freundlichkeit', 'Freundlichkeit', 'Freundlichkeit', 'Freundlichkeit']]",INCORRECT
3,"Ich achte besonders auf die Kleidung und die Höflichkeit der Personen, aber auch auf Mimik, Gesten, fragen nach einer Shell Club Smart Karte, Freundlichkeit und auf die Wartezeit",PARTIAL_CORRECT,0.25,"[0.47139856219291687, 0.519180178642273, 0.5337470769882202, 0.6445691585540771]","[(37, 14), (37, 14), (8, 14), (28, 36)]","[['', '', 'Kleidung und die Höflichkeit', 'fragen nach einer Shell Club Smart Karte']]",INCORRECT
3,"Blickkontakt, Freundlichkeit, Arbeitskleidung und Namensschild, Kompetenz, Begrüßung und Verabschiedung",PARTIAL_CORRECT,0.5,"[0.7967175841331482, 0.7371798157691956, 0.5589107275009155, 0.6055078506469727]","[(17, 26), (17, 26), (0, 3), (0, 3)]","[['Begrüßung und Verabschiedung', 'Begrüßung und Verabschiedung', 'Blickkontakt', 'Blickkontakt']]",PARTIAL_CORRECT
3,Freundlich sein und nicht u erkennen geben,INCORRECT,0.0,"[0.5085142254829407, 0.5337550044059753, 0.5083284974098206, 0.5444169044494629]","[(0, 3), (0, 3), (0, 3), (0, 3)]","[['Freundlich sein', 'Freundlich sein', 'Freundlich sein', 'Freundlich sein']]",INCORRECT
3,"Man sollte generell immer freundlich gegenüber anderen Menschen sein. Ich sollte mich jedoch nur als ""Tester"" zu erkennen geben wenn nötig. Sollte ich mich zu erkennen geben müssen werde ich den Auftrag mit Zustimmung des Mitarbeiters Erledigen.",INCORRECT,0.0,"[0.3821401596069336, 0.44022834300994873, 0.4233042597770691, 0.45998749136924744]","[(36, 45), (36, 45), (36, 45), (36, 45)]","[['Sollte ich mich zu erkennen geben', 'Sollte ich mich zu erkennen geben', 'Sollte ich mich zu erkennen geben', 'Sollte ich mich zu erkennen geben']]",INCORRECT
3,"Auf Kleidung, Namensschild, was sie wie sagen. Shellkarte nur zeigen wenn ich gefragt werde.",PARTIAL_CORRECT,0.25,"[0.5827319025993347, 0.6110987663269043, 0.5471144318580627, 0.6511161923408508]","[(4, 7), (4, 3), (4, 3), (4, 3)]","[['Namensschild', '', '', '']]",INCORRECT
3,Die Club smart Karte nicht von selbst vorzeigen ansonsten normal höflich,PARTIAL_CORRECT,0.25,"[0.44716718792915344, 0.4882631301879883, 0.5610261559486389, 0.6209545135498047]","[(0, 9), (0, 9), (0, 7), (0, 4)]","[['Die Club smart Karte nicht von selbst vorzeigen', 'Die Club smart Karte nicht von selbst vorzeigen', 'Die Club smart Karte nicht von selbst', 'Die Club smart Karte']]",INCORRECT
3,Ob man mich nach der ClubKarte fragt. Wie der Mitarbeiter mit mir redet. welche Kleidung er trägt. Namensschild vorhanden? Begrüßung und Verabschiedung..,CORRECT,1.0,"[0.7967175841331482, 0.7371798157691956, 0.4999702274799347, 0.5088801383972168]","[(33, 42), (33, 42), (18, 30), (18, 9)]","[['Begrüßung und Verabschiedung', 'Begrüßung und Verabschiedung', 'welche Kleidung er trägt. Namensschild', '']]",PARTIAL_CORRECT
3,"Auf Freundlichkeit, Begrüßung und Verabschiedung, Kleidung sowie weitere Interaktionen des Mitarbeiters.",PARTIAL_CORRECT,0.5,"[0.7967175841331482, 0.7371798157691956, 0.5495739579200745, 0.6118398904800415]","[(4, 13), (4, 13), (4, 3), (0, 3)]","[['Begrüßung und Verabschiedung', 'Begrüßung und Verabschiedung', '', 'Auf Freundlichkeit']]",PARTIAL_CORRECT
3,"Ob die Mitarbeiter saubere und entsprechende Arbeitskleidung wie vorgeschrieben tragen, dass mich der Mitarbeiter freundlich begrüßt und allgemein freundlich ist und mich auch nach meiner Clubsmartkarte fragt. Macht er ein Zusatzangebot? Hält er Blickkontakt und verabschiedet mich freundlich und bedankt sich für den Einkauf.",CORRECT,1.0,"[0.49484729766845703, 0.554790735244751, 0.5599987506866455, 0.5845633745193481]","[(19, 52), (53, 66), (47, 52), (43, 52)]","[['dass mich der Mitarbeiter freundlich begrüßt und allgemein freundlich ist und mich auch nach meiner Clubsmartkarte fragt. Macht er ein Zusatzangebot', 'Hält er Blickkontakt und verabschiedet mich ', 'Macht er ein Zusatzangebot', 'karte fragt. Macht er ein Zusatzangebot']]",INCORRECT
3,"undercouver bleiben, nur bei direkter Frage Auskunft über den Job geben",INCORRECT,0.0,"[0.43809905648231506, 0.5050679445266724, 0.44438228011131287, 0.4811370074748993]","[(0, 5), (0, 3), (0, 4), (0, 4)]","[['undercouver bleiben', 'undercouver', 'undercouver ', 'undercouver ']]",INCORRECT
3,"Ich soll auf eine persönliche Begrüßung u. Verabschiedung, ein gut sichtbares Namensschild u. korrekte Arbeitskleidung u. Gastfreundlichkeit achten. Dabei ist speziell auf die Frage nach der Kundenkarte und das Angebot eines Zusatzverkaufes sowie den Hinweis auf die Möglichkeit, ein Kundenfeedback abzugeben zu achten.",CORRECT,1.0,"[0.7829988598823547, 1.0, 0.5347497463226318, 0.5844075083732605]","[(4, 18), (14, 18), (43, 35), (43, 82)]","[['persönliche Begrüßung u. Verabschiedung', 'Verabschiedung', '', 'Dabei ist speziell auf die Frage nach der Kundenkarte und das Angebot eines Zusatzverkaufes sowie den Hinweis auf die Möglichkeit, ein Kundenfeedback abzugeben zu achten']]",PARTIAL_CORRECT
3,Ob er mich nach der Clubcard von Shell fragt,PARTIAL_CORRECT,0.25,"[0.4211980104446411, 0.4555857479572296, 0.5390466451644897, 0.6280897855758667]","[(0, 7), (0, 7), (0, 7), (0, 7)]","[['Ob er mich nach der Clubcard', 'Ob er mich nach der Clubcard', 'Ob er mich nach der Clubcard', 'Ob er mich nach der Clubcard']]",INCORRECT
3,"Arbeitskleidung, Namensschild, Freundlichkeit, frage nach Clubsmartkarte, Begrüßung und verabschiedung",PARTIAL_CORRECT,0.75,"[0.7613509297370911, 0.7143188714981079, 0.5613914132118225, 0.726845920085907]","[(17, 26), (17, 26), (0, 2), (11, 16)]","[['Begrüßung und verabschiedung', 'Begrüßung und verabschiedung', 'Arbeitskleidung', 'frage nach Clubsmartkarte']]",PARTIAL_CORRECT
3,"Freundlich sein und immer an die Anweisungen des Personals halten. Kundenansprache, Arbeitskleidung, Namensschild, Freundlichkeit des Mitarbeiters.",PARTIAL_CORRECT,0.25,"[0.6100860834121704, 0.6400514245033264, 0.5611530542373657, 0.6067226529121399]","[(0, 29), (27, 29), (0, 29), (27, 29)]","[['Freundlich sein und immer an die Anweisungen des Personals halten. Kundenansprache, Arbeitskleidung, Namensschild, Freundlichkeit', 'Freundlichkeit', 'Freundlich sein und immer an die Anweisungen des Personals halten. Kundenansprache, Arbeitskleidung, Namensschild, Freundlichkeit', 'Freundlichkeit']]",INCORRECT
3,"Ich achte auch die mögliche Dienstkleidung der Mitarbeiter*innen. Weiter auf Blickkontakt, Freundlichkeit, das unterbreiten von Zusatzangeboten( Kundenkarte, Produkte etc... ) Hinweis auf Kundenfeedback und auf Art und Weise der Begrüßung/Verabschiedung.",CORRECT,1.0,"[0.7829988598823547, 1.0, 0.556844174861908, 0.7827336192131042]","[(14, 55), (56, 60), (0, 9), (31, 33)]","[['Weiter auf Blickkontakt, Freundlichkeit, das unterbreiten von Zusatzangeboten( Kundenkarte, Produkte etc... ) Hinweis auf Kundenfeedback und auf Art und Weise der Begrüßung', 'Verabschiedung', 'Ich achte auch die mögliche Dienstkleidung', 'Kundenkarte']]",PARTIAL_CORRECT
3,Ob die MA mich nach der Kundenkarte fragen und ob sie freundlich sind und sich für ggfls Wartezeiten entschuldigen. Auch soll ich auf die Kleidung achten und ob ein zusätzliches Angebot angepreist wird.,PARTIAL_CORRECT,0.5,"[0.6093557476997375, 0.625964343547821, 0.5429006218910217, 0.6704886555671692]","[(23, 27), (23, 27), (23, 27), (0, 10)]","[['Wartezeiten ', 'Wartezeiten ', 'Wartezeiten ', 'Ob die MA mich nach der Kundenkarte fragen']]",INCORRECT
1,Ich gebe mich zu erkennen und zeige das Informationsschreiben vor,PARTIAL_CORRECT,0.5,"[0.6562719941139221, 0.586399257183075, 0.4704335629940033, 0.5041049718856812]","[(0, 14), (0, 14), (0, 14), (0, 14)]","[['Ich gebe mich zu erkennen und zeige das Informationsschreiben vor', 'Ich gebe mich zu erkennen und zeige das Informationsschreiben vor', 'Ich gebe mich zu erkennen und zeige das Informationsschreiben vor', 'Ich gebe mich zu erkennen und zeige das Informationsschreiben vor']]",INCORRECT
1,ich zeige das Informationsschreiben,PARTIAL_CORRECT,0.25,"[0.5621204376220703, 0.617802619934082, 0.4807259142398834, 0.4813756048679352]","[(0, 7), (0, 7), (0, 7), (0, 7)]","[['ich zeige das Informationsschreiben', 'ich zeige das Informationsschreiben', 'ich zeige das Informationsschreiben', 'ich zeige das Informationsschreiben']]",INCORRECT
1,"Ich gebe mich zu erkennen und zeige das Informationsschreiben vor. Mit Erlaubnis des Mitarbeiters mache ich den Job zu Ende. Ich vermerke, dass ich erkannt wurde.",CORRECT,1.0,"[0.6562719941139221, 0.586399257183075, 0.5017563700675964, 0.7323472499847412]","[(0, 14), (0, 14), (29, 28), (15, 28)]","[['Ich gebe mich zu erkennen und zeige das Informationsschreiben vor', 'Ich gebe mich zu erkennen und zeige das Informationsschreiben vor', '', 'Mit Erlaubnis des Mitarbeiters mache ich den Job zu Ende']]",PARTIAL_CORRECT
1,zeige das Informationsschreiben,PARTIAL_CORRECT,0.25,"[0.5668013691902161, 0.6492869853973389, 0.4786873459815979, 0.4761061668395996]","[(0, 6), (0, 6), (0, 6), (0, 6)]","[['zeige das Informationsschreiben', 'zeige das Informationsschreiben', 'zeige das Informationsschreiben', 'zeige das Informationsschreiben']]",INCORRECT
1,Freundlich und versuche meine gegenüber es zu erklären was ich mach,PARTIAL_CORRECT,0.25,"[0.6526823043823242, 0.449957013130188, 0.45656973123550415, 0.46025338768959045]","[(0, 14), (6, 15), (0, 15), (0, 15)]","[['Freundlich und versuche meine gegenüber es zu erklären', 'meine gegenüber es zu erklären was', 'Freundlich und versuche meine gegenüber es zu erklären was', 'Freundlich und versuche meine gegenüber es zu erklären was']]",INCORRECT
1,Zu erkennen geben und Info schreiben vorzeigen,PARTIAL_CORRECT,0.5,"[0.6980929970741272, 0.6122334599494934, 0.48753511905670166, 0.5178806781768799]","[(0, 11), (0, 11), (0, 8), (0, 9)]","[['Zu erkennen geben und Info schreiben vorzeigen', 'Zu erkennen geben und Info schreiben vorzeigen', 'Zu erkennen geben und Info ', 'Zu erkennen geben und Info schreiben']]",INCORRECT
1,Zu erkennen geben und Infoschreiben vorlegen.,PARTIAL_CORRECT,0.5,"[0.7187668085098267, 0.6281681656837463, 0.4956981837749481, 0.5243496894836426]","[(0, 10), (0, 10), (0, 6), (0, 10)]","[['Zu erkennen geben und Infoschreiben vorlegen', 'Zu erkennen geben und Infoschreiben vorlegen', 'Zu erkennen geben und', 'Zu erkennen geben und Infoschreiben vorlegen']]",PARTIAL_CORRECT
1,Ich zeige das infornationsschreiben und bin freundlich,PARTIAL_CORRECT,0.25,"[0.5467327833175659, 0.5767025947570801, 0.48766589164733887, 0.49836909770965576]","[(4, 9), (0, 9), (0, 9), (0, 9)]","[['das infornationsschreiben', 'Ich zeige das infornationsschreiben', 'Ich zeige das infornationsschreiben', 'Ich zeige das infornationsschreiben']]",INCORRECT
1,"Ich bleibe höflich, zeige das Informationsschreiben vor und bitte darum den Auftrag zu Ende führen zu dürfen.",PARTIAL_CORRECT,0.75,"[0.5741733908653259, 0.6551308035850525, 0.4915853440761566, 0.5392655730247498]","[(10, 23), (8, 14), (0, 23), (0, 23)]","[['das Informationsschreiben vor und bitte darum den Auftrag zu Ende ', 'zeige das Informationsschreiben vor', 'Ich bleibe höflich, zeige das Informationsschreiben vor und bitte darum den Auftrag zu Ende ', 'Ich bleibe höflich, zeige das Informationsschreiben vor und bitte darum den Auftrag zu Ende ']]",INCORRECT
1,Ich zeige höflich das Legitimationsschreiben vor.,PARTIAL_CORRECT,0.25,"[0.5712934136390686, 0.5347504615783691, 0.47669798135757446, 0.47937944531440735]","[(0, 7), (0, 12), (0, 6), (0, 12)]","[['Ich zeige höflich das', 'Ich zeige höflich das Legitimationsschreiben vor', 'Ich zeige höflich', 'Ich zeige höflich das Legitimationsschreiben vor']]",INCORRECT
1,"Informationsschreiben vorzeigen, fragen ob es okay ist und hinterher angeben, dass man erkannt wurde.",CORRECT,1.0,"[0.4941641390323639, 0.8380478024482727, 0.5242410898208618, 0.5636524558067322]","[(6, 7), (0, 4), (0, 4), (0, 7)]","[['fragen', 'Informationsschreiben vorzeigen', 'Informationsschreiben vorzeigen', 'Informationsschreiben vorzeigen, fragen']]",PARTIAL_CORRECT
1,Ich gebe mich zu erkennen. Zeige das Informationsschreiben vor und führe den Check zu ende.,PARTIAL_CORRECT,0.75,"[0.6348362565040588, 0.6108348369598389, 0.4904124438762665, 0.5343784093856812]","[(0, 6), (9, 21), (9, 6), (0, 21)]","[['Ich gebe mich zu erkennen', 'das Informationsschreiben vor und führe den Check zu ende', '', 'Ich gebe mich zu erkennen. Zeige das Informationsschreiben vor und führe den Check zu ende']]",INCORRECT
1,"Ich bleibe ich und stelle mich vor,und zeige das Schreiben was ich von euch bekommen habe vor.",PARTIAL_CORRECT,0.5,"[0.49208304286003113, 0.3698922395706177, 0.3746814429759979, 0.3774544298648834]","[(10, 8), (10, 9), (0, 4), (4, 5)]","[['', '', 'Ich bleibe', 'ich']]",INCORRECT
1,Ich gebe mich zu erkennen und mache mit der Erlaubnis des Mitarbeiters weiter,PARTIAL_CORRECT,0.75,"[0.5830077528953552, 0.558366060256958, 0.5069540143013, 0.6737804412841797]","[(0, 17), (0, 17), (0, 17), (0, 17)]","[['Ich gebe mich zu erkennen und mache mit der Erlaubnis des Mitarbeiters weiter', 'Ich gebe mich zu erkennen und mache mit der Erlaubnis des Mitarbeiters weiter', 'Ich gebe mich zu erkennen und mache mit der Erlaubnis des Mitarbeiters weiter', 'Ich gebe mich zu erkennen und mache mit der Erlaubnis des Mitarbeiters weiter']]",INCORRECT
1,Ich gebe mich zu erkennen und lege das Informationsschreiben vor.,PARTIAL_CORRECT,0.5,"[0.5963805913925171, 0.6325671076774597, 0.49469590187072754, 0.5432424545288086]","[(0, 12), (0, 12), (2, 12), (1, 3)]","[['Ich gebe mich zu erkennen und lege das Informationsschreiben vor', 'Ich gebe mich zu erkennen und lege das Informationsschreiben vor', 'mich zu erkennen und lege das Informationsschreiben vor', 'gebe mich']]",INCORRECT
1,Ich gebe mich zu erkennen und zeige das Info-Schreiben vor. Mit Einverständnis des Mitarbeiters führe ich den Check durch - Vermerke das in der Aufgabe,CORRECT,1.0,"[0.6334779262542725, 0.5666486620903015, 0.4864870309829712, 0.634177565574646]","[(0, 17), (0, 17), (32, 17), (18, 39)]","[['Ich gebe mich zu erkennen und zeige das Info-Schreiben vor', 'Ich gebe mich zu erkennen und zeige das Info-Schreiben vor', '', 'Mit Einverständnis des Mitarbeiters führe ich den Check durch - Vermerke das in der Aufgabe']]",INCORRECT
1,Ich zeige das Informatiosschreiben vor,PARTIAL_CORRECT,0.25,"[0.5436087846755981, 0.5894126892089844, 0.4738040268421173, 0.4972652196884155]","[(2, 5), (0, 9), (0, 9), (0, 9)]","[['zeige das', 'Ich zeige das Informatiosschreiben vor', 'Ich zeige das Informatiosschreiben vor', 'Ich zeige das Informatiosschreiben vor']]",INCORRECT
1,Ich gebe mich zu erkennen und lege ein informationsschreiben vor. Den Test führe ich zuende.,PARTIAL_CORRECT,0.75,"[0.5833815336227417, 0.5958813428878784, 0.493975430727005, 0.553947389125824]","[(0, 12), (0, 12), (13, 15), (13, 12)]","[['Ich gebe mich zu erkennen und lege ein informationsschreiben vor', 'Ich gebe mich zu erkennen und lege ein informationsschreiben vor', 'Den Test', '']]",INCORRECT
1,Zu erkennen geben und Legitimationsschreiben vorzeigen.,PARTIAL_CORRECT,0.5,"[0.660572350025177, 0.5880838632583618, 0.47749000787734985, 0.5005396604537964]","[(0, 12), (0, 12), (0, 12), (0, 12)]","[['Zu erkennen geben und Legitimationsschreiben vorzeigen', 'Zu erkennen geben und Legitimationsschreiben vorzeigen', 'Zu erkennen geben und Legitimationsschreiben vorzeigen', 'Zu erkennen geben und Legitimationsschreiben vorzeigen']]",INCORRECT
1,Ich gebe mich zu erkennen und zeige das Informationsschreiben vor,PARTIAL_CORRECT,0.5,"[0.6562719941139221, 0.6005536913871765, 0.4867863357067108, 0.5198920369148254]","[(0, 14), (0, 14), (2, 14), (0, 14)]","[['Ich gebe mich zu erkennen und zeige das Informationsschreiben vor', 'Ich gebe mich zu erkennen und zeige das Informationsschreiben vor', 'mich zu erkennen und zeige das Informationsschreiben vor', 'Ich gebe mich zu erkennen und zeige das Informationsschreiben vor']]",INCORRECT
1,ich gebe mich zu erkennen und lege das Informationsschreiben vor.,PARTIAL_CORRECT,0.5,"[0.5972504019737244, 0.6153172254562378, 0.48808151483535767, 0.5271573662757874]","[(0, 12), (0, 12), (0, 12), (0, 12)]","[['ich gebe mich zu erkennen und lege das Informationsschreiben vor', 'ich gebe mich zu erkennen und lege das Informationsschreiben vor', 'ich gebe mich zu erkennen und lege das Informationsschreiben vor', 'ich gebe mich zu erkennen und lege das Informationsschreiben vor']]",INCORRECT
1,Ich zeige mein Informationsschreiben,PARTIAL_CORRECT,0.25,"[0.5506908297538757, 0.6846756935119629, 0.49987688660621643, 0.5277907848358154]","[(2, 7), (0, 7), (0, 7), (4, 7)]","[['zeige mein Informationsschreiben', 'Ich zeige mein Informationsschreiben', 'Ich zeige mein Informationsschreiben', 'mein Informationsschreiben']]",INCORRECT
1,"Ich gebe mich erst dann zu erkennen, wenn ich enttarnt wurde und zeige dann das von Euch in der Jobbeschreibung  vorhandene Infoschreiben vor. Ich führe den Check mit Erlaubnis der Mitarbeiter zu Ende durch und vermerke es bei der  der anschliessenden Dokumentation/ der Beantwortung der Fragen.",CORRECT,1.0,"[0.5548005104064941, 0.551856517791748, 0.5043022036552429, 0.7179725766181946]","[(0, 8), (57, 36), (37, 50), (37, 50)]","[['Ich gebe mich erst dann zu erkennen', '', 'Ich führe den Check mit Erlaubnis der Mitarbeiter zu Ende', 'Ich führe den Check mit Erlaubnis der Mitarbeiter zu Ende']]",PARTIAL_CORRECT
1,Ich gebe mich zu erkennen wenn nötig und zeige das Legimitationsschreiben vor das für mich in dem fall im Fragebogen hinterlegt wurde.,PARTIAL_CORRECT,0.5,"[0.6300259232521057, 0.5105201005935669, 0.4771289825439453, 0.4713974893093109]","[(0, 7), (25, 15), (25, 26), (0, 15)]","[['Ich gebe mich zu erkennen ', '', 'fall', 'Ich gebe mich zu erkennen wenn nötig und zeige das']]",INCORRECT
1,Es wäre sehr gut für mich,INCORRECT,0.0,"[0.5331048369407654, 0.46919748187065125, 0.4174782633781433, 0.45267656445503235]","[(2, 7), (0, 7), (0, 7), (0, 2)]","[['wäre sehr gut', 'Es wäre sehr gut', 'Es wäre sehr gut', 'Es ']]",INCORRECT
1,Ich gebe mich zu erkennen und zeige ihm das jop schreiben. Zusätzlich führe ich den jop zu Ende mit Erlaubniss des mitarbeitets,PARTIAL_CORRECT,0.75,"[0.6335695385932922, 0.5177614092826843, 0.4929400086402893, 0.6368886232376099]","[(0, 16), (23, 36), (23, 36), (17, 36)]","[['Ich gebe mich zu erkennen und zeige ihm das jop schreiben', 'jop zu Ende mit Erlaubniss des mitarbeitets', 'jop zu Ende mit Erlaubniss des mitarbeitets', 'Zusätzlich führe ich den jop zu Ende mit Erlaubniss des mitarbeitets']]",INCORRECT
1,"höflich und nett, ich erkläre warum ich beispielsweise die Sanitäranlagen fotografierw",INCORRECT,0.0,"[0.5408451557159424, 0.5284668207168579, 0.4891015887260437, 0.4827415645122528]","[(16, 9), (16, 22), (9, 4), (0, 9)]","[['', 'Sanitäranlagen fotografierw', '', 'höflich und nett, ich erkläre']]",INCORRECT
1,"Wenn ich auf die Tätigkeit als fester angesprochen werde, zeige ich das Legitimationsschreiben",PARTIAL_CORRECT,0.25,"[0.5822308659553528, 0.4899233877658844, 0.458246648311615, 0.48854053020477295]","[(13, 12), (5, 7), (0, 12), (0, 12)]","[['', 'Tätigkeit', 'Wenn ich auf die Tätigkeit als fester angesprochen', 'Wenn ich auf die Tätigkeit als fester angesprochen']]",INCORRECT
1,Ich lege dem Mitarbeiter das Informationsschreiben vor. Führe Die Tätigkeit mit Erlaubnis weiter aus.,PARTIAL_CORRECT,0.25,"[0.5753238201141357, 0.6912922263145447, 0.5145745277404785, 0.6815319061279297]","[(9, 8), (0, 8), (1, 8), (9, 20)]","[['', 'Ich lege dem Mitarbeiter das Informationsschreiben vor', 'lege dem Mitarbeiter das Informationsschreiben vor', 'Führe Die Tätigkeit mit Erlaubnis weiter aus']]",INCORRECT
1,"Ich gebe mich dann zu erkennen, zeige das Erlaubnisformular und versuche mit Erlaubnis den test zu Ende zu führen.",PARTIAL_CORRECT,0.75,"[0.5863330364227295, 0.5534916520118713, 0.4751579761505127, 0.6688706874847412]","[(0, 7), (20, 27), (19, 27), (19, 30)]","[['Ich gebe mich dann zu erkennen', 'Erlaubnis den test zu Ende', 'mit Erlaubnis den test zu Ende', 'mit Erlaubnis den test zu Ende zu führen']]",INCORRECT
1,Ich gebe mich zu erkennen und zeige das informationsschreiben. Ich vermerke in der Aufgabe das ich erkannt wurde.,PARTIAL_CORRECT,0.75,"[0.6524891257286072, 0.5565223097801208, 0.46893858909606934, 0.49054843187332153]","[(0, 13), (0, 13), (14, 13), (14, 13)]","[['Ich gebe mich zu erkennen und zeige das informationsschreiben', 'Ich gebe mich zu erkennen und zeige das informationsschreiben', '', '']]",INCORRECT
1,"Ich gebe mich bekannt und zeige, dass ich dies mache aber ich versuche unentdeckt zu bleiben",PARTIAL_CORRECT,0.5,"[0.5310311913490295, 0.44968634843826294, 0.41144517064094543, 0.4510583281517029]","[(11, 5), (11, 16), (11, 16), (11, 16)]","[['', 'dass ich dies mache aber', 'dass ich dies mache aber', 'dass ich dies mache aber']]",INCORRECT
1,Ich gebe noch zu erkennen und zeige das Infoschreiben vor. Mit Erlaubnis des Shellmitarbeiters führe ich den Test zu Ende.,PARTIAL_CORRECT,0.75,"[0.6520067453384399, 0.6425046920776367, 0.4917234778404236, 0.6725189685821533]","[(0, 14), (10, 14), (20, 31), (15, 31)]","[['Ich gebe noch zu erkennen und zeige das Infoschreiben vor', 'das Infoschreiben vor', 'Shellmitarbeiters führe ich den Test zu Ende', 'Mit Erlaubnis des Shellmitarbeiters führe ich den Test zu Ende']]",INCORRECT
1,Ich erkläre was ich tue und mache mit der Erlaubnis des Mitarbeiters weiter,PARTIAL_CORRECT,0.5,"[0.5568597316741943, 0.5444203615188599, 0.5172874331474304, 0.6522404551506042]","[(2, 5), (2, 4), (2, 5), (0, 19)]","[['erkläre was', 'erkläre', 'erkläre was', 'Ich erkläre was ich tue und mache mit der Erlaubnis des Mitarbeiters weiter']]",INCORRECT
1,zeige Erlaubnisschein vor und vermerke es als Kommentar,PARTIAL_CORRECT,0.5,"[0.47986486554145813, 0.5735284090042114, 0.5285351276397705, 0.5402048230171204]","[(3, 3), (3, 14), (3, 3), (3, 14)]","[['', 'Erlaubnisschein vor und vermerke es als Kommentar', '', 'Erlaubnisschein vor und vermerke es als Kommentar']]",INCORRECT
1,Ich gebe mich zu erkennen und vermerke es.,PARTIAL_CORRECT,0.75,"[0.5874044299125671, 0.5265681147575378, 0.5014951229095459, 0.5011803507804871]","[(0, 10), (1, 10), (0, 10), (0, 9)]","[['Ich gebe mich zu erkennen und vermerke es', 'gebe mich zu erkennen und vermerke es', 'Ich gebe mich zu erkennen und vermerke es', 'Ich gebe mich zu erkennen und vermerke']]",INCORRECT
1,Ich gebe mich zu erkennen und bitte den Mitarbeiter höflich mit mir zusammen zu arbeiten,PARTIAL_CORRECT,0.25,"[0.6547340750694275, 0.5353535413742065, 0.4853816628456116, 0.5425876975059509]","[(0, 18), (0, 18), (0, 15), (0, 15)]","[['Ich gebe mich zu erkennen und bitte den Mitarbeiter höflich mit mir zusammen zu arbeiten', 'Ich gebe mich zu erkennen und bitte den Mitarbeiter höflich mit mir zusammen zu arbeiten', 'Ich gebe mich zu erkennen und bitte den Mitarbeiter höflich mit mir zusammen', 'Ich gebe mich zu erkennen und bitte den Mitarbeiter höflich mit mir zusammen']]",INCORRECT
1,"Sollte ich als Tester angesprochen oder erkannt werden, kann ich mich zu erkennen geben und ein Schreiben zum Job vorzeigen.",PARTIAL_CORRECT,0.5,"[0.6746996641159058, 0.7307798862457275, 0.5338794589042664, 0.5929975509643555]","[(13, 29), (0, 29), (12, 13), (26, 29)]","[['kann ich mich zu erkennen geben und ein Schreiben zum Job vorzeigen', 'Sollte ich als Tester angesprochen oder erkannt werden, kann ich mich zu erkennen geben und ein Schreiben zum Job vorzeigen', ',', 'Job vorzeigen']]",PARTIAL_CORRECT
1,"Ich gebe mich zu erkennen, zeige Ihnen dieses Schreiben und frage obe Ich fortfahren darf.",PARTIAL_CORRECT,0.5,"[0.5925922989845276, 0.5456169843673706, 0.5026707649230957, 0.5097665786743164]","[(0, 6), (8, 24), (14, 14), (8, 14)]","[['Ich gebe mich zu erkennen', 'zeige Ihnen dieses Schreiben und frage obe Ich fortfahren ', '', 'zeige Ihnen dieses']]",INCORRECT
1,Ich gebe mich zu erkennen und zeige das Referenzschreiben.,PARTIAL_CORRECT,0.5,"[0.6622263193130493, 0.5576366186141968, 0.4781869947910309, 0.496759295463562]","[(0, 13), (0, 13), (0, 13), (0, 3)]","[['Ich gebe mich zu erkennen und zeige das Referenzschreiben', 'Ich gebe mich zu erkennen und zeige das Referenzschreiben', 'Ich gebe mich zu erkennen und zeige das Referenzschreiben', 'Ich gebe mich']]",INCORRECT
1,ich gebe mich zu erkennen bzw gebe das Informationsschreiben von euch an das Personal.,PARTIAL_CORRECT,0.5,"[0.6560140252113342, 0.5690162181854248, 0.46324920654296875, 0.5142408609390259]","[(0, 18), (0, 12), (0, 15), (0, 12)]","[['ich gebe mich zu erkennen bzw gebe das Informationsschreiben von euch an das Personal', 'ich gebe mich zu erkennen bzw gebe das Informationsschreiben', 'ich gebe mich zu erkennen bzw gebe das Informationsschreiben von euch', 'ich gebe mich zu erkennen bzw gebe das Informationsschreiben']]",INCORRECT
1,Ich zeige dann das Schreiben und führe die Aufgaben mit der Staff Erlaubnis weiter aus.,PARTIAL_CORRECT,0.5,"[0.5606220960617065, 0.564814031124115, 0.4950859546661377, 0.6245229840278625]","[(0, 6), (6, 6), (0, 6), (0, 22)]","[['Ich zeige dann das', '', 'Ich zeige dann das', 'Ich zeige dann das Schreiben und führe die Aufgaben mit der Staff Erlaubnis weiter aus']]",INCORRECT
1,"Ich gebe mich zu erkennen und zeige das Legitimationsschreiben,welches dem Job beigefügt ist vor. Evtl. mache ich die Checks mit Erlaubnis des Stationspersonals.",PARTIAL_CORRECT,0.75,"[0.6337727308273315, 0.5291682481765747, 0.5099079012870789, 0.6155827641487122]","[(0, 15), (16, 35), (16, 15), (26, 39)]","[['Ich gebe mich zu erkennen und zeige das Legitimationsschreiben', 'welches dem Job beigefügt ist vor. Evtl. mache ich die Checks', '', 'Evtl. mache ich die Checks mit Erlaubnis']]",INCORRECT
1,"Zu erkennen geben, Anschreiben vorzeigen",PARTIAL_CORRECT,0.5,"[0.7346580624580383, 0.7565585970878601, 0.556637704372406, 0.575904130935669]","[(0, 5), (6, 10), (5, 5), (6, 6)]","[['Zu erkennen geben', 'Anschreiben vorzeigen', '', '']]",PARTIAL_CORRECT
